index,gls,ast,xg,cmp%,pk,90s,prgc,player
0,0.0,0.07692307692307693,0.0,0.775,0.0,0.36052631578947364,0.10091743119266056,Max Aarons
1,0.0,0.0,0.0,0.5,0.0,0.002631578947368421,0.0,Joshua Acheampong
2,0.0,0.0,0.0,0.831,0.0,0.034210526315789476,0.01834862385321101,Tyler Adams
3,0.07407407407407407,0.0,0.023972602739726026,0.845,0.0,0.47368421052631576,0.045871559633027525,Tosin Adarabioyo
4,0.37037037037037035,0.0,0.20205479452054795,0.706,0.0,0.41578947368421054,0.07339449541284404,Elijah Adebayo
5,0.2222222222222222,0.07692307692307693,0.14726027397260272,0.755,0.0,0.6499999999999999,0.5091743119266056,Simon Adingra
6,0.037037037037037035,0.0,0.05136986301369863,0.8009999999999999,0.0,0.5421052631578948,0.045871559633027525,Nayef Aguerd
7,0.0,0.0,0.0,0.5,0.0,0.002631578947368421,0.0,Brandon Aguilera
8,0.0,0.0,0.017123287671232876,0.802,0.0,0.10263157894736841,0.0871559633027523,Naouirou Ahamada
9,0.07407407407407407,0.0,0.10616438356164383,0.7540000000000001,0.0,0.7736842105263158,0.06880733944954129,Anel Ahmedhodžić
10,0.037037037037037035,0.07692307692307693,0.010273972602739725,0.753,0.0,0.49473684210526314,0.23853211009174313,Ola Aina
11,0.07407407407407407,0.07692307692307693,0.11301369863013698,0.845,0.0,0.681578947368421,0.30733944954128445,Rayan Aït-Nouri
12,0.07407407407407407,0.07692307692307693,0.04452054794520548,0.753,0.0,0.5368421052631578,0.10091743119266056,Kristoffer Ajer
13,0.07407407407407407,0.0,0.06506849315068493,0.934,0.0,0.7342105263157894,0.21100917431192662,Manuel Akanji
14,0.07407407407407407,0.15384615384615385,0.08561643835616438,0.9209999999999999,0.0,0.5973684210526315,0.11009174311926606,Nathan Aké
15,0.0,0.0,0.0,0.7000000000000001,0.0,0.002631578947368421,0.0,Thiago Alcántara
16,0.1111111111111111,0.3076923076923077,0.08904109589041095,0.753,0.0,0.6289473684210526,0.20642201834862386,Trent Alexander-Arnold
17,0.0,0.0,0.0,0.863,0.0,0.7368421052631579,0.0,Alisson
18,0.1111111111111111,0.07692307692307693,0.1541095890410959,0.8340000000000001,0.0,0.5657894736842105,0.3577981651376147,Miguel Almirón
19,0.037037037037037035,0.07692307692307693,0.04452054794520548,0.856,0.0,0.6947368421052631,0.09174311926605505,Edson Álvarez
20,0.4074074074074074,0.6153846153846154,0.4452054794520548,0.804,0.2222222222222222,0.7736842105263158,0.29357798165137616,Julián Álvarez
21,0.18518518518518517,0.07692307692307693,0.19863013698630136,0.792,0.1111111111111111,0.5710526315789474,0.28899082568807344,Zeki Amdouni
22,0.0,0.0,0.003424657534246575,0.87,0.0,0.2736842105263158,0.027522935779816515,Sofyan Amrabat
23,0.07407407407407407,0.23076923076923078,0.05821917808219178,0.784,0.0,0.9973684210526315,0.0963302752293578,Joachim Andersen
24,0.0,0.15384615384615385,0.05136986301369863,0.804,0.0,0.3,0.16972477064220184,Elliot Anderson
25,0.0,0.0,0.003424657534246575,0.667,0.0,0.04473684210526315,0.009174311926605505,Jaidon Anthony
26,0.2222222222222222,0.15384615384615385,0.19863013698630136,0.584,0.0,0.49473684210526314,0.22018348623853212,Michail Antonio
27,0.037037037037037035,0.07692307692307693,0.11643835616438356,0.787,0.0,0.3868421052631579,0.24311926605504589,Antony
28,0.0,0.0,0.0,0.7959999999999999,0.0,0.2763157894736842,0.06422018348623854,Oliver Arblaster
29,0.14814814814814814,0.07692307692307693,0.18835616438356162,0.8009999999999999,0.0,0.5368421052631578,0.15137614678899083,Cameron Archer
30,0.0,0.0,0.0,0.833,0.0,0.002631578947368421,0.0045871559633027525,Cameron Archer
31,0.0,0.0,0.0,0.648,0.0,0.7894736842105263,0.0,Alphonse Areola
32,0.037037037037037035,0.15384615384615385,0.0136986301369863,0.726,0.0,0.36052631578947364,0.1743119266055046,Lorenz Assignon
33,0.0,0.15384615384615385,0.00684931506849315,0.777,0.0,0.24473684210526317,0.045871559633027525,Serge Aurier
34,0.2222222222222222,0.23076923076923078,0.16095890410958905,0.726,0.0,0.3052631578947368,0.03669724770642202,Taiwo Awoniyi
35,0.14814814814814814,0.5384615384615385,0.13356164383561642,0.74,0.0,0.7447368421052631,0.3394495412844037,Jordan Ayew
36,0.0,0.07692307692307693,0.010273972602739725,0.908,0.0,0.39210526315789473,0.013761467889908258,Benoît Badiashile
37,0.37037037037037035,0.6923076923076923,0.21575342465753422,0.725,0.0,0.6052631578947368,0.46788990825688076,Leon Bailey
38,0.0,0.0,0.0,0.7000000000000001,0.0,0.007894736842105262,0.0,Stefan Bajcetic
39,0.0,0.07692307692307693,0.0,0.733,0.0,0.28421052631578947,0.04128440366972477,George Baldock
40,0.0,0.0,0.0273972602739726,0.92,0.0,0.3868421052631579,0.0871559633027523,Carlos Baleba
41,0.0,0.0,0.0,0.718,0.0,0.021052631578947368,0.022935779816513763,Fodé Ballo-Touré
42,0.037037037037037035,0.07692307692307693,0.030821917808219176,0.733,0.0,0.06578947368421052,0.013761467889908258,Shandon Baptiste
43,0.0,0.0,0.00684931506849315,0.768,0.0,0.0894736842105263,0.03669724770642202,Valentín Barco
44,0.18518518518518517,0.3076923076923077,0.14041095890410957,0.826,0.0,0.7657894736842106,0.22018348623853212,Ross Barkley
45,0.18518518518518517,0.23076923076923078,0.1232876712328767,0.765,0.0,0.23421052631578948,0.20642201834862386,Harvey Barnes
46,0.0,0.0,0.003424657534246575,0.746,0.0,0.09473684210526316,0.0045871559633027525,Chris Basham
47,0.037037037037037035,0.0,0.010273972602739725,0.86,0.0,0.6736842105263158,0.06880733944954129,Calvin Bassey
48,0.0,0.0,0.0,0.75,0.0,0.002631578947368421,0.0,Owen Beck
49,0.0,0.0,0.0,1.0,0.0,0.0,0.0,Donny van de Beek
50,0.0,0.0,0.010273972602739725,0.772,0.0,0.5026315789473684,0.14678899082568808,Amari'i Bell
51,0.07407407407407407,0.07692307692307693,0.0547945205479452,0.768,0.0,0.2789473684210526,0.13761467889908258,Jean-Ricner Bellegarde
52,0.0,0.0,0.0273972602739726,0.662,0.0,0.12368421052631579,0.013761467889908258,Anis Ben Slimane
53,0.0,0.07692307692307693,0.06164383561643835,0.751,0.0,0.18157894736842106,0.12844036697247707,Saïd Benrahma
54,0.037037037037037035,0.07692307692307693,0.06506849315068493,0.843,0.0,0.29473684210526313,0.07339449541284404,Rodrigo Bentancur
55,0.0,0.0,0.0,0.667,0.0,0.1131578947368421,0.0,Daniel Bentley
56,0.037037037037037035,0.23076923076923078,0.06506849315068493,0.728,0.0,0.34736842105263155,0.05963302752293578,Jóhann Berg Guðmundsson
57,0.037037037037037035,0.15384615384615385,0.06506849315068493,0.881,0.0,0.8789473684210526,0.29357798165137616,Sander Berge
58,0.07407407407407407,0.07692307692307693,0.03424657534246575,0.6459999999999999,0.0,0.09473684210526316,0.0045871559633027525,Luke Berry
59,0.1111111111111111,0.0,0.2328767123287671,0.6,0.0,0.2789473684210526,0.06422018348623854,Beto
60,0.0,0.07692307692307693,0.017123287671232876,0.89,0.0,0.36052631578947364,0.04128440366972477,Jordan Beyer
61,0.07407407407407407,0.15384615384615385,0.08561643835616438,0.752,0.0,0.40789473684210525,0.10091743119266056,Philip Billing
62,0.0,0.0,0.04794520547945205,0.917,0.0,0.6052631578947368,0.19724770642201836,Yves Bissouma
63,0.0,0.0,0.0,0.65,0.0,0.010526315789473684,0.0045871559633027525,Benicio Boaitey
64,0.037037037037037035,0.07692307692307693,0.04794520547945205,0.876,0.0,0.0894736842105263,0.05963302752293578,Oscar Bobb
65,0.1111111111111111,0.0,0.07876712328767123,0.706,0.0,0.8157894736842105,0.1743119266055046,Jayden Bogle
66,0.07407407407407407,0.07692307692307693,0.05136986301369863,0.748,0.0,0.42105263157894735,0.01834862385321101,Willy Boly
67,0.07407407407407407,0.15384615384615385,0.02054794520547945,0.9059999999999999,0.0,0.4026315789473684,0.0,Sven Botman
68,0.5925925925925926,0.46153846153846156,0.3972602739726027,0.6890000000000001,0.0,0.881578947368421,0.41284403669724773,Jarrod Bowen
69,0.037037037037037035,0.23076923076923078,0.030821917808219176,0.7909999999999999,0.0,0.22105263157894736,0.16055045871559634,Conor Bradley
70,0.1111111111111111,0.0,0.05821917808219178,0.798,0.0,0.9105263157894736,0.009174311926605505,Jarrad Branthwaite
71,0.2222222222222222,0.07692307692307693,0.20890410958904107,0.756,0.1111111111111111,0.3236842105263158,0.10550458715596331,Ben Brereton
72,0.0,0.0,0.0136986301369863,0.684,0.0,0.09999999999999999,0.0045871559633027525,Rhian Brewster
73,0.037037037037037035,0.0,0.0821917808219178,0.883,0.0,0.13157894736842105,0.05045871559633028,Armando Broja
74,0.0,0.07692307692307693,0.0,0.7040000000000001,0.0,0.02631578947368421,0.009174311926605505,Armando Broja
75,0.0,0.0,0.0136986301369863,0.7540000000000001,0.0,0.2736842105263158,0.05504587155963303,Andre Brooks
76,0.037037037037037035,0.07692307692307693,0.07534246575342465,0.72,0.0,0.08157894736842106,0.03669724770642202,David Brooks
77,0.07407407407407407,0.0,0.0958904109589041,0.551,0.0,0.29736842105263156,0.11467889908256881,Jacob Brown
78,0.14814814814814814,0.15384615384615385,0.06506849315068493,0.7690000000000001,0.0,0.6578947368421052,0.0871559633027523,Josh Brownhill
79,0.2222222222222222,0.0,0.17123287671232876,0.7190000000000001,0.1111111111111111,0.3657894736842105,0.2798165137614679,Jacob Bruun Larsen
80,0.0,0.0,0.010273972602739725,0.783,0.0,0.2157894736842105,0.10091743119266056,Hugo Bueno
81,0.0,0.0,0.0,0.888,0.0,0.23947368421052628,0.013761467889908258,Santiago Bueno
82,0.1111111111111111,0.07692307692307693,0.0821917808219178,0.845,0.0,0.39999999999999997,0.10550458715596331,Facundo Buonanotte
83,0.0,0.3076923076923077,0.04452054794520548,0.761,0.0,0.4842105263157894,0.05045871559633028,Reece Burke
84,0.07407407407407407,0.15384615384615385,0.10616438356164383,0.81,0.0,0.7973684210526315,0.06422018348623854,Dan Burn
85,0.0,0.0,0.0,0.75,0.0,0.002631578947368421,0.0,Mason Burstow
86,0.037037037037037035,0.23076923076923078,0.0136986301369863,0.9,0.0,0.8368421052631578,0.12385321100917432,Moisés Caicedo
87,0.037037037037037035,0.3076923076923077,0.03767123287671233,0.885,0.0,0.43421052631578944,0.16055045871559634,Tom Cairney
88,0.25925925925925924,0.15384615384615385,0.4417808219178082,0.564,0.2222222222222222,0.6342105263157894,0.1651376146788991,Dominic Calvert-Lewin
89,0.0,0.0,0.0,0.781059649122807,0.0,0.0,0.0,Thomas Cannon
90,0.0,0.0,0.06506849315068493,0.8840000000000001,0.0,0.531578947368421,0.01834862385321101,Diego Carlos
91,0.0,0.0,0.0,0.8150000000000001,0.0,0.02368421052631579,0.0045871559633027525,Cesare Casadei
92,0.037037037037037035,0.15384615384615385,0.11986301369863013,0.818,0.0,0.5789473684210527,0.05504587155963303,Casemiro
93,0.0,0.0,0.0,0.781059649122807,0.0,0.0,0.0,Kaelan Casey
94,0.07407407407407407,0.15384615384615385,0.14383561643835616,0.804,0.0,0.6263157894736842,0.28440366972477066,Matty Cash
95,0.037037037037037035,0.23076923076923078,0.0547945205479452,0.812,0.0,0.7710526315789473,0.22018348623853212,Timothy Castagne
96,0.0,0.0,0.0,0.781059649122807,0.0,0.002631578947368421,0.0,Jonny Castro
97,0.037037037037037035,0.0,0.00684931506849315,0.8940000000000001,0.0,0.2789473684210526,0.022935779816513763,Trevoh Chalobah
98,0.0,0.07692307692307693,0.0,0.885,0.0,0.04473684210526315,0.0,Calum Chambers
99,0.0,0.0,0.023972602739726026,0.603,0.0,0.06052631578947368,0.022935779816513763,Youssef Chermiti
100,0.0,0.07692307692307693,0.0410958904109589,0.7540000000000001,0.0,0.22105263157894736,0.10091743119266056,Ben Chilwell
101,0.0,0.0,0.00684931506849315,0.793,0.0,0.042105263157894736,0.0045871559633027525,Tawanda Chirewa
102,0.0,0.0,0.003424657534246575,0.8640000000000001,0.0,0.049999999999999996,0.0045871559633027525,Leon Chiwome
103,0.14814814814814814,0.0,0.09246575342465753,0.778,0.0,0.5789473684210527,0.26146788990825687,Tahith Chong
104,0.0,0.38461538461538464,0.07876712328767123,0.76,0.0,0.8499999999999999,0.27522935779816515,Ryan Christie
105,0.037037037037037035,0.07692307692307693,0.00684931506849315,0.858,0.0,0.06578947368421052,0.01834862385321101,Carney Chukwuemeka
106,0.0,0.0,0.003424657534246575,0.7759999999999999,0.0,0.02631578947368421,0.013761467889908258,Bobby Clark
107,0.037037037037037035,0.07692307692307693,0.03424657534246575,0.7190000000000001,0.0,0.381578947368421,0.0963302752293578,Jordan Clark
108,0.0,0.0,0.00684931506849315,0.8250000000000001,0.0,0.39210526315789473,0.045871559633027525,Nathaniel Clyne
109,0.0,0.0,0.0,0.6759999999999999,0.0,0.19473684210526315,0.022935779816513763,Séamus Coleman
110,0.037037037037037035,0.07692307692307693,0.05821917808219178,0.813,0.0,0.7763157894736842,0.05045871559633028,Nathan Collins
111,0.037037037037037035,0.07692307692307693,0.04452054794520548,0.8300000000000001,0.0,0.5263157894736842,0.10550458715596331,Levi Colwill
112,0.0,0.23076923076923078,0.0136986301369863,0.763,0.0,0.8157894736842105,0.10091743119266056,Lewis Cook
113,0.0,0.0,0.0,0.758,0.0,0.007894736842105262,0.01834862385321101,Jack Cork
114,0.037037037037037035,0.0,0.0136986301369863,0.735,0.0,0.03157894736842105,0.013761467889908258,Maxwel Cornet
115,0.0,0.5384615384615385,0.010273972602739725,0.693,0.0,0.9157894736842104,0.3119266055045872,Vladimír Coufal
116,0.0,0.0,0.003424657534246575,0.833,0.0,0.007894736842105262,0.022935779816513763,Philippe Coutinho
117,0.0,0.0,0.0,0.8250000000000001,0.0,0.1263157894736842,0.01834862385321101,Aaron Cresswell
118,0.0,0.15384615384615385,0.03767123287671233,0.866,0.0,0.5210526315789473,0.14220183486238533,Marc Cucurella
119,0.07407407407407407,0.23076923076923078,0.02054794520547945,0.8540000000000001,0.0,0.6026315789473683,0.10091743119266056,Josh Cullen
120,0.4444444444444444,0.5384615384615385,0.3253424657534246,0.792,0.1111111111111111,0.7131578947368421,0.49082568807339455,Matheus Cunha
121,0.0,0.0,0.0,0.6,0.0,0.007894736842105262,0.0,Sam Curtis
122,0.0,0.07692307692307693,0.00684931506849315,0.866,0.0,0.13157894736842105,0.01834862385321101,Mahmoud Dahoud
123,0.037037037037037035,0.0,0.04452054794520548,0.843,0.0,0.3078947368421052,0.03211009174311927,Ameen Al-Dakhil
124,0.07407407407407407,0.23076923076923078,0.05821917808219178,0.812,0.0,0.9289473684210525,0.23853211009174313,Diogo Dalot
125,0.0,0.15384615384615385,0.030821917808219176,0.6940000000000001,0.0,0.24736842105263157,0.07339449541284404,Mikkel Damsgaard
126,0.07407407407407407,0.15384615384615385,0.06164383561643835,0.777,0.0,0.5236842105263158,0.10091743119266056,Danilo
127,0.037037037037037035,0.0,0.08904109589041095,0.6709999999999999,0.0,0.17368421052631577,0.11009174311926606,Arnaut Danjuma
128,0.0,0.0,0.0,0.7140000000000001,0.0,0.002631578947368421,0.0,Jayden Danns
129,0.0,0.0,0.0,0.526,0.0,0.007894736842105262,0.009174311926605505,Josh Dasilva
130,0.14814814814814814,0.07692307692307693,0.1541095890410959,0.6759999999999999,0.0,0.2578947368421053,0.0963302752293578,David Datro Fofana
131,0.037037037037037035,0.0,0.07876712328767123,0.9009999999999999,0.0,0.31842105263157894,0.05963302752293578,Ben Davies
132,0.0,0.0,0.0136986301369863,0.687,0.0,0.06578947368421052,0.013761467889908258,Tom Davies
133,0.037037037037037035,0.07692307692307693,0.05136986301369863,0.865,0.0,0.6447368421052632,0.0045871559633027525,Craig Dawson
134,0.14814814814814814,0.7692307692307693,0.0821917808219178,0.7540000000000001,0.0,0.3578947368421052,0.21559633027522937,Kevin De Bruyne
135,0.0,0.0,0.0136986301369863,0.8570000000000001,0.0,0.17105263157894735,0.009174311926605505,Hannes Delcroix
136,0.037037037037037035,0.0,0.023972602739726026,0.804,0.0,0.034210526315789476,0.0,Leander Dendoncker
137,0.2222222222222222,0.6153846153846154,0.23972602739726026,0.784,0.0,0.6368421052631579,0.43119266055045874,Moussa Diaby
138,0.037037037037037035,0.07692307692307693,0.017123287671232876,0.876,0.0,0.1131578947368421,0.05045871559633028,Amad Diallo
139,0.0,0.0,0.0,1.0,0.0,0.0,0.0,Amadou Diallo
140,0.0,0.0,0.04794520547945205,0.937,0.0,0.7473684210526315,0.1559633027522936,Rúben Dias
141,0.2962962962962963,0.38461538461538464,0.40753424657534243,0.835,0.0,0.7684210526315789,0.6284403669724771,Luis Díaz
142,0.0,0.0,0.0,0.887,0.0,0.05789473684210526,0.0,Eric Dier
143,0.037037037037037035,0.23076923076923078,0.03767123287671233,0.751,0.0,0.7052631578947368,0.1926605504587156,Lucas Digne
144,0.0,0.0,0.010273972602739725,0.88,0.0,0.41578947368421054,0.05045871559633028,Issa Diop
145,0.07407407407407407,0.0,0.0821917808219178,0.9,0.0,0.7552631578947367,0.13761467889908258,Axel Disasi
146,0.0,0.0,0.0,1.0,0.0,0.005263157894736842,0.0,Ben Doak
147,0.037037037037037035,0.0,0.010273972602739725,0.677,0.0,0.06842105263157895,0.027522935779816515,Lewis Dobbin
148,0.037037037037037035,0.0,0.0273972602739726,0.789,0.0,0.3368421052631579,0.05504587155963303,Matt Doherty
149,0.1111111111111111,0.6153846153846154,0.08561643835616438,0.813,0.0,0.4657894736842105,1.0,Jeremy Doku
150,0.07407407407407407,0.15384615384615385,0.04452054794520548,0.8470000000000001,0.0,0.4368421052631579,0.06422018348623854,Nicolás Domínguez
151,0.0,0.0,0.0,1.0,0.0,0.0,0.0,Jamie Donley
152,0.25925925925925924,0.07692307692307693,0.3013698630136986,0.765,0.0,0.7684210526315789,0.2522935779816514,Abdoulaye Doucouré
153,0.0,0.0,0.010273972602739725,0.87,0.0,0.2684210526315789,0.04128440366972477,Cheick Doucouré
154,0.07407407407407407,0.6153846153846154,0.04452054794520548,0.665,0.0,0.8552631578947368,0.43119266055045874,Alfie Doughty
155,0.0,0.0,0.0136986301369863,0.8390000000000001,0.0,0.3578947368421052,0.0963302752293578,Tommy Doyle
156,0.0,0.0,0.003424657534246575,0.881,0.0,0.1263157894736842,0.022935779816513763,Radu Drăgușin
157,0.0,0.0,0.0,0.797,0.0,0.5815789473684211,0.0,Martin Dúbravka
158,0.0,0.0,0.0,0.913,0.0,0.005263157894736842,0.0045871559633027525,Paul Dummett
159,0.1111111111111111,0.07692307692307693,0.10616438356164383,0.9209999999999999,0.0,0.8394736842105263,0.15137614678899083,Lewis Dunk
160,0.18518518518518517,0.0,0.0684931506849315,0.6859999999999999,0.0,0.1394736842105263,0.04128440366972477,Jáder Durán
161,0.037037037037037035,0.0,0.010273972602739725,0.941,0.0,0.010526315789473684,0.0,George Earthy
162,0.0,0.0,0.0,0.873,0.0,0.813157894736842,0.0,Ederson
163,0.25925925925925924,0.0,0.21232876712328766,0.711,0.0,0.4552631578947368,0.15137614678899083,Odsonne Édouard
164,0.0,0.0,0.00684931506849315,0.6920000000000001,0.0,0.14210526315789473,0.0,John Egan
165,0.0,0.0,0.003424657534246575,0.88,0.0,0.12894736842105264,0.022935779816513763,Hjalmar Ekdal
166,0.18518518518518517,0.6923076923076923,0.22602739726027396,0.6990000000000001,0.0,0.7105263157894737,0.44954128440366975,Anthony Elanga
167,0.1111111111111111,0.46153846153846156,0.09246575342465753,0.8370000000000001,0.0,0.39473684210526316,0.2018348623853211,Harvey Elliott
168,0.0,0.0,0.003424657534246575,0.975,0.0,0.007894736842105262,0.0045871559633027525,Mohamed Elneny
169,0.037037037037037035,0.0,0.00684931506849315,0.903,0.0,0.3394736842105263,0.0963302752293578,Emerson
170,0.0,0.15384615384615385,0.04794520547945205,0.742,0.0,0.1394736842105263,0.12844036697247707,Julio Enciso
171,0.037037037037037035,0.0,0.017123287671232876,0.88,0.0,0.5026315789473684,0.045871559633027525,Wataru Endo
172,0.037037037037037035,0.15384615384615385,0.03424657534246575,0.805,0.0,0.33421052631578946,0.09174311926605505,Christian Eriksen
173,0.0,0.0,0.010273972602739725,0.84,0.0,0.381578947368421,0.06880733944954129,Maxime Estève
174,0.07407407407407407,0.23076923076923078,0.03424657534246575,0.841,0.0,0.3631578947368421,0.21559633027522937,Pervis Estupiñán
175,0.0,0.07692307692307693,0.003424657534246575,0.876,0.0,0.40789473684210525,0.03211009174311927,Jonny Evans
176,0.4074074074074074,0.3076923076923077,0.3116438356164383,0.77,0.1111111111111111,0.6,0.3119266055045872,Eberechi Eze
177,0.0,0.0,0.0,0.669,0.0,0.21052631578947367,0.0,Łukasz Fabiański
178,0.0,0.0,0.00684931506849315,0.731,0.0,0.013157894736842105,0.01834862385321101,Romain Faivre
179,0.07407407407407407,0.0,0.11643835616438356,0.848,0.0,0.1526315789473684,0.07339449541284404,Ansu Fati
180,0.0,0.0,0.003424657534246575,0.851,0.0,0.11052631578947368,0.0045871559633027525,Felipe
181,0.2222222222222222,0.0,0.15753424657534246,0.805,0.0,0.39999999999999997,0.05963302752293578,Evan Ferguson
182,0.37037037037037035,0.6153846153846154,0.3424657534246575,0.73,0.4444444444444444,0.9105263157894736,0.3944954128440367,Bruno Fernandes
183,0.1111111111111111,0.15384615384615385,0.21232876712328766,0.845,0.1111111111111111,0.6447368421052632,0.23853211009174313,Enzo Fernández
184,0.0,0.0,0.0,0.725,0.0,0.02631578947368421,0.009174311926605505,John Fleck
185,0.0,0.07692307692307693,0.0,0.716,0.0,0.9605263157894737,0.0,Mark Flekken
186,0.7037037037037037,0.6153846153846154,0.3527397260273973,0.855,0.0,0.8342105263157894,0.42660550458715596,Phil Foden
187,0.0,0.0,0.0,0.5650000000000001,0.0,0.7736842105263158,0.0,Wes Foderingham
188,0.0,0.0,0.010273972602739725,0.7709999999999999,0.0,0.12368421052631579,0.01834862385321101,Pablo Fornals
189,0.0,0.07692307692307693,0.0,0.909,0.0,0.021052631578947368,0.0045871559633027525,Omari Forson
190,0.18518518518518517,0.23076923076923078,0.1541095890410959,0.677,0.0,0.5552631578947369,0.2522935779816514,Lyle Foster
191,0.0,0.07692307692307693,0.0136986301369863,0.6459999999999999,0.0,0.06842105263157895,0.05504587155963303,Matheus França
192,0.0,0.0,0.010273972602739725,0.7859999999999999,0.0,0.05526315789473684,0.0045871559633027525,Nathan Fraser
193,0.2962962962962963,0.38461538461538464,0.3082191780821918,0.773,0.0,0.48157894736842105,0.19724770642201836,Cody Gakpo
194,0.18518518518518517,0.5384615384615385,0.14383561643835616,0.892,0.0,0.9157894736842104,0.28440366972477066,Conor Gallagher
195,0.14814814814814814,0.0,0.04452054794520548,0.8440000000000001,0.0,0.5499999999999999,0.13302752293577982,Idrissa Gana Gueye
196,0.25925925925925924,0.3076923076923077,0.2876712328767123,0.7490000000000001,0.0,0.75,0.8165137614678899,Alejandro Garnacho
197,0.037037037037037035,0.15384615384615385,0.09246575342465753,0.77,0.0,0.8789473684210526,0.1651376146788991,James Garner
198,0.037037037037037035,0.0,0.010273972602739725,0.725,0.0,0.2157894736842105,0.10091743119266056,Saman Ghoddos
199,0.18518518518518517,0.7692307692307693,0.2363013698630137,0.706,0.1111111111111111,0.9236842105263158,0.3623853211009175,Morgan Gibbs-White
200,0.0,0.0,0.0273972602739726,0.809,0.0,0.06052631578947368,0.05045871559633028,Bryan Gil
201,0.037037037037037035,0.0,0.010273972602739725,0.858,0.0,0.06052631578947368,0.0045871559633027525,Alfie Gilchrist
202,0.0,0.0,0.003424657534246575,0.642,0.0,0.14736842105263157,0.04128440366972477,Ryan Giles
203,0.0,0.07692307692307693,0.03424657534246575,0.909,0.0,0.6210526315789474,0.17889908256880735,Billy Gilmour
204,0.0,0.0,0.05821917808219178,0.6940000000000001,0.0,0.3263157894736842,0.05045871559633028,Ben Godfrey
205,0.037037037037037035,0.0,0.010273972602739725,0.766,0.0,0.14736842105263157,0.03669724770642202,André Gomes
206,0.07407407407407407,0.07692307692307693,0.05821917808219178,0.8220000000000001,0.0,0.7736842105263158,0.12844036697247707,João Gomes
207,0.037037037037037035,0.23076923076923078,0.0547945205479452,0.821,0.0,0.8105263157894737,0.10091743119266056,Toti Gomes
208,0.0,0.07692307692307693,0.0273972602739726,0.828,0.0,0.5210526315789473,0.2018348623853211,Joe Gomez
209,0.0,0.07692307692307693,0.00684931506849315,0.8520000000000001,0.0,0.015789473684210523,0.01834862385321101,Sergio Gómez
210,0.0,0.0,0.0,1.0,0.0,0.0,0.0,Enso Gonzalez
211,0.4074074074074074,0.7692307692307693,0.34931506849315064,0.761,0.1111111111111111,0.8447368421052631,0.6330275229357798,Anthony Gordon
212,0.0,0.0,0.0,1.0,0.0,0.0,0.0,Kaide Gordon
213,0.0,0.0,0.0,0.781059649122807,0.0,0.0,0.0,Daniel Gore
214,0.037037037037037035,0.0,0.0684931506849315,0.823,0.0,0.3289473684210526,0.17889908256880735,Ryan Gravenberch
215,0.0,0.0,0.0,0.49700000000000005,0.0,0.2263157894736842,0.0,Ivo Grbić
216,0.1111111111111111,0.07692307692307693,0.07191780821917808,0.86,0.0,0.29473684210526313,0.3990825688073395,Jack Grealish
217,0.14814814814814814,0.7692307692307693,0.2226027397260274,0.861,0.1111111111111111,0.9105263157894736,0.3807339449541285,Pascal Groß
218,0.0,0.07692307692307693,0.02054794520547945,0.8690000000000001,0.0,0.5921052631578947,0.06880733944954129,Marc Guéhi
219,0.25925925925925924,0.6153846153846154,0.1643835616438356,0.8390000000000001,0.0,0.9552631578947367,0.2981651376146789,Bruno Guimarães
220,0.0,0.46153846153846156,0.030821917808219176,0.8640000000000001,0.0,0.513157894736842,0.3577981651376147,Malo Gusto
221,0.14814814814814814,0.07692307692307693,0.10616438356164383,0.871,0.0,0.681578947368421,0.28899082568807344,Joško Gvardiol
222,1.0,0.38461538461538464,0.9999999999999999,0.76,0.7777777777777777,0.7473684210526315,0.16055045871559634,Erling Haaland
223,0.0,0.0,0.0,1.0,0.0,0.002631578947368421,0.0,Antwoine Hackford
224,0.037037037037037035,0.0,0.010273972602739725,0.8190000000000001,0.0,0.2289473684210526,0.0871559633027523,Lewis Hall
225,0.14814814814814814,0.46153846153846156,0.10273972602739725,0.685,0.0,0.8499999999999999,0.1651376146788991,Gustavo Hamer
226,0.0,0.0,0.010273972602739725,0.7859999999999999,0.0,0.021052631578947368,0.0,Luke Harris
227,0.1111111111111111,0.23076923076923078,0.1232876712328767,0.648,0.0,0.6473684210526316,0.2981651376146789,Jack Harrison
228,0.0,0.0,0.003424657534246575,0.805,0.0,0.17368421052631577,0.013761467889908258,Daiki Hashioka
229,0.48148148148148145,0.5384615384615385,0.4212328767123288,0.8,0.1111111111111111,0.7710526315789473,0.2522935779816514,Kai Havertz
230,0.0,0.0,0.0410958904109589,0.9209999999999999,0.0,0.6921052631578947,0.11467889908256881,Jan Paul van Hecke
231,0.4444444444444444,0.23076923076923078,0.2636986301369863,0.77,0.1111111111111111,0.6184210526315789,0.16972477064220184,Hwang Hee-chan
232,0.0,0.0,0.0,0.5770000000000001,0.0,0.47368421052631576,0.0,Dean Henderson
233,0.0,0.07692307692307693,0.003424657534246575,0.8029999999999999,0.0,0.11842105263157894,0.05963302752293578,Rico Henry
234,0.6296296296296295,0.7692307692307693,0.410958904109589,0.8250000000000001,0.2222222222222222,0.8578947368421053,0.5458715596330276,Son Heung-min
235,0.0,0.0,0.00684931506849315,0.877,0.0,0.20789473684210527,0.04128440366972477,Aaron Hickey
236,0.0,0.0,0.0,0.667,0.0,0.021052631578947368,0.0,James Hill
237,0.1111111111111111,0.0,0.06506849315068493,0.8390000000000001,0.0,0.2552631578947368,0.07339449541284404,Jack Hinshelwood
238,0.0,0.0,0.02054794520547945,0.654,0.0,0.20789473684210527,0.0,Mason Holgate
239,0.2962962962962963,0.07692307692307693,0.09246575342465753,0.78,0.0,0.5421052631578948,0.5091743119266056,Callum Hudson-Odoi
240,0.0,0.07692307692307693,0.010273972602739725,0.833,0.0,0.5526315789473684,0.06422018348623854,Will Hughes
241,0.0,0.0,0.023972602739726026,0.872,0.0,0.38421052631578945,0.0779816513761468,Pierre Højbjerg
242,0.37037037037037035,0.15384615384615385,0.2602739726027397,0.756,0.0,0.631578947368421,0.16055045871559634,Rasmus Højlund
243,0.0,0.0,0.010273972602739725,0.934,0.0,0.47894736842105257,0.13761467889908258,Igor
244,0.037037037037037035,0.0,0.04452054794520548,0.71,0.0,0.11842105263157894,0.03211009174311927,Danny Ings
245,0.0,0.0,0.0,0.927,0.0,0.04736842105263158,0.013761467889908258,Tim Iroegbunam
246,0.7777777777777777,0.15384615384615385,0.6952054794520548,0.7809999999999999,0.5555555555555556,0.6605263157894737,0.3119266055045872,Alexander Isak
247,0.0,0.0,0.010273972602739725,0.643,0.0,0.042105263157894736,0.027522935779816515,Alex Iwobi
248,0.18518518518518517,0.15384615384615385,0.18150684931506847,0.7809999999999999,0.0,0.6421052631578946,0.5,Alex Iwobi
249,0.5185185185185185,0.38461538461538464,0.636986301369863,0.773,0.0,0.8184210526315789,0.3211009174311927,Nicolas Jackson
250,0.0,0.15384615384615385,0.010273972602739725,0.8059999999999999,0.0,0.12368421052631579,0.0871559633027523,Reece James
251,0.037037037037037035,0.23076923076923078,0.06164383561643835,0.778,0.0,0.8921052631578946,0.11467889908256881,Vitaly Janelt
252,0.0,0.0,0.0,0.33299999999999996,0.0,0.005263157894736842,0.0,Daniel Jebbison
253,0.1111111111111111,0.23076923076923078,0.023972602739726026,0.728,0.0,0.6447368421052632,0.0871559633027523,Mathias Jensen
254,0.14814814814814814,0.38461538461538464,0.21575342465753422,0.7859999999999999,0.0,0.431578947368421,0.1743119266055046,Gabriel Jesus
255,0.25925925925925924,0.0,0.1780821917808219,0.6859999999999999,0.0,0.40789473684210525,0.05045871559633028,Raúl Jiménez
256,0.3333333333333333,0.23076923076923078,0.40753424657534243,0.8059999999999999,0.4444444444444444,0.5973684210526315,0.3807339449541285,João Pedro
257,0.07407407407407407,0.07692307692307693,0.10616438356164383,0.836,0.0,0.37368421052631573,0.13302752293577982,Joelinton
258,0.0,0.0,0.00684931506849315,0.737,0.0,0.15789473684210525,0.0779816513761468,Ben Johnson
259,0.18518518518518517,0.7692307692307693,0.3527397260273973,0.713,0.0,0.6105263157894736,0.44495412844036697,Brennan Johnson
260,0.0,0.0,0.010273972602739725,0.77,0.0,0.06842105263157895,0.03669724770642202,Brennan Johnson
261,0.0,0.0,0.0,0.833,0.0,0.02368421052631579,0.0,Joseph Johnson
262,0.0,0.0,0.0,0.573,0.0,0.5263157894736842,0.0,Sam Johnstone
263,0.037037037037037035,0.07692307692307693,0.08904109589041095,0.9109999999999999,0.0,0.3421052631578947,0.14220183486238533,Curtis Jones
264,0.0,0.15384615384615385,0.003424657534246575,0.89,0.0,0.2684210526315789,0.03669724770642202,Jorginho
265,0.37037037037037035,0.23076923076923078,0.18150684931506847,0.728,0.0,0.33421052631578946,0.24770642201834864,Diogo Jota
266,0.037037037037037035,0.0,0.010273972602739725,0.7440000000000001,0.0,0.11578947368421053,0.0,Mads Juel Andersen
267,0.0,0.0,0.00684931506849315,0.667,0.0,0.013157894736842105,0.009174311926605505,Hamed Junior Traorè
268,0.037037037037037035,0.0,0.023972602739726026,0.752,0.0,0.31842105263157894,0.022935779816513763,Mathias Jørgensen
269,0.0,0.15384615384615385,0.00684931506849315,0.7020000000000001,0.0,0.5052631578947367,0.27522935779816515,Issa Kaboré
270,0.07407407407407407,0.0,0.03767123287671233,0.633,0.0,0.04736842105263158,0.0045871559633027525,Sasa Kalajdzic
271,0.0,0.07692307692307693,0.003424657534246575,0.891,0.0,0.4842105263157894,0.0871559633027523,Boubacar Kamara
272,0.0,0.0,0.0,0.8490000000000001,0.0,0.09736842105263158,0.009174311926605505,Willy Kambwala
273,0.0,0.0,0.0,0.5920000000000001,0.0,0.994736842105263,0.0,Thomas Kaminski
274,0.0,0.0,0.0,0.568,0.0,0.02631578947368421,0.0,Loris Karius
275,0.037037037037037035,0.0,0.023972602739726026,0.774,0.0,0.12894736842105264,0.01834862385321101,Michael Keane
276,0.0,0.0,0.0,1.0,0.0,0.005263157894736842,0.0,Thilo Kehrer
277,0.0,0.0,0.0,0.812,0.0,0.2631578947368421,0.0,Caoimhín Kelleher
278,0.0,0.07692307692307693,0.010273972602739725,0.743,0.0,0.4552631578947368,0.06880733944954129,Lloyd Kelly
279,0.0,0.0,0.003424657534246575,0.8570000000000001,0.0,0.010526315789473684,0.0045871559633027525,Omari Kellyman
280,0.0,0.07692307692307693,0.0410958904109589,0.726,0.0,0.5763157894736841,0.21100917431192662,Milos Kerkez
281,0.0,0.0,0.0,0.781059649122807,0.0,0.002631578947368421,0.0,Kaine Kesler-Hayden
282,0.07407407407407407,0.0,0.06164383561643835,0.8570000000000001,0.0,1.0,0.10091743119266056,Max Kilman
283,0.037037037037037035,0.23076923076923078,0.0273972602739726,0.8370000000000001,0.0,0.2763157894736842,0.01834862385321101,Jakub Kiwior
284,0.25925925925925924,0.07692307692307693,0.21232876712328766,0.684,0.0,0.5605263157894737,0.2981651376146789,Justin Kluivert
285,0.037037037037037035,0.07692307692307693,0.0684931506849315,0.701,0.0,0.28421052631578947,0.24311926605504589,Luca Koleosho
286,0.0,0.0,0.023972602739726026,0.8790000000000001,0.0,0.4605263157894737,0.11009174311926606,Ibrahima Konaté
287,0.037037037037037035,0.0,0.08561643835616438,0.9109999999999999,0.0,0.8973684210526316,0.16972477064220184,Ezri Konsa
288,0.0,0.0,0.010273972602739725,0.635,0.0,0.0631578947368421,0.0,Cheikhou Kouyaté
289,0.037037037037037035,0.0,0.04452054794520548,0.9400000000000001,0.0,0.4526315789473684,0.16972477064220184,Mateo Kovačić
290,0.0,0.0,0.00684931506849315,0.841,0.0,0.2657894736842105,0.05504587155963303,Emil Krafth
291,0.2962962962962963,0.46153846153846156,0.17465753424657532,0.774,0.0,0.7263157894736842,0.536697247706422,Mohammed Kudus
292,0.2962962962962963,0.23076923076923078,0.16095890410958905,0.772,0.0,0.8078947368421052,0.6926605504587157,Dejan Kulusevski
293,0.0,0.07692307692307693,0.0273972602739726,0.886,0.0,0.24736842105263157,0.04128440366972477,Adam Lallana
294,0.0,0.23076923076923078,0.0136986301369863,0.835,0.0,0.2684210526315789,0.17889908256880735,Tariq Lamptey
295,0.0,0.0,0.0,1.0,0.0,0.002631578947368421,0.0,Aymeric Laporte
296,0.0,0.0,0.00684931506849315,0.708,0.0,0.15526315789473685,0.08256880733944955,Yasser Larouci
297,0.037037037037037035,0.0,0.023972602739726026,0.8640000000000001,0.0,0.3157894736842105,0.03669724770642202,Jamaal Lascelles
298,0.0,0.0,0.0,0.8150000000000001,0.0,0.010526315789473684,0.0,Roméo Lavia
299,0.14814814814814814,0.07692307692307693,0.15753424657534246,0.858,0.0,0.8684210526315789,0.14678899082568808,Mario Lemina
300,0.0,0.07692307692307693,0.030821917808219176,0.895,0.0,0.3368421052631579,0.11926605504587157,Clément Lenglet
301,0.0,0.0,0.0,0.793,0.0,1.0,0.0,Bernd Leno
302,0.037037037037037035,0.07692307692307693,0.09246575342465753,0.8140000000000001,0.0,0.7026315789473684,0.06422018348623854,Jefferson Lerma
303,0.07407407407407407,0.0,0.02054794520547945,0.912,0.0,0.23684210526315788,0.0963302752293578,Rico Lewis
304,0.1111111111111111,0.07692307692307693,0.21575342465753422,0.696,0.0,0.42105263157894735,0.25688073394495414,Keane Lewis-Potter
305,0.037037037037037035,0.07692307692307693,0.0273972602739726,0.891,0.0,0.3894736842105263,0.0779816513761468,Victor Lindelöf
306,0.037037037037037035,0.0,0.0136986301369863,0.8590000000000001,0.0,0.38421052631578945,0.2018348623853211,Valentino Livramento
307,0.07407407407407407,0.15384615384615385,0.02054794520547945,0.893,0.0,0.14736842105263157,0.11467889908256881,Giovani Lo Celso
308,0.037037037037037035,0.07692307692307693,0.03767123287671233,0.713,0.0,0.3421052631578947,0.027522935779816515,Tom Lockyer
309,0.2222222222222222,0.15384615384615385,0.22602739726027396,0.799,0.0,0.8026315789473684,0.11009174311926606,Sean Longstaff
310,0.0,0.0,0.02054794520547945,0.6459999999999999,0.0,0.14736842105263157,0.022935779816513763,Max Lowe
311,0.3333333333333333,0.38461538461538464,0.2363013698630137,0.8570000000000001,0.4444444444444444,0.876315789473684,0.27522935779816515,Douglas Luiz
312,0.037037037037037035,0.0,0.0547945205479452,0.863,0.0,0.3289473684210526,0.05504587155963303,Saša Lukić
313,0.0,0.0,0.0273972602739726,0.703,0.0,0.06052631578947368,0.04128440366972477,Ian Maatsen
314,0.18518518518518517,0.38461538461538464,0.1267123287671233,0.866,0.1111111111111111,0.7605263157894736,0.2018348623853211,Alexis Mac Allister
315,0.14814814814814814,0.6923076923076923,0.2191780821917808,0.807,0.0,0.6236842105263157,0.26605504587155965,James Maddison
316,0.18518518518518517,0.15384615384615385,0.08561643835616438,0.848,0.1111111111111111,0.3078947368421052,0.3486238532110092,Noni Madueke
317,0.14814814814814814,0.0,0.14726027397260272,0.887,0.0,0.8894736842105262,0.05963302752293578,Gabriel Magalhães
318,0.07407407407407407,0.15384615384615385,0.0684931506849315,0.831,0.0,0.4842105263157894,0.09174311926605505,Harry Maguire
319,0.1111111111111111,0.07692307692307693,0.030821917808219176,0.8620000000000001,0.0,0.5631578947368421,0.11467889908256881,Kobbie Mainoo
320,0.037037037037037035,0.0,0.0273972602739726,0.882,0.0,0.4578947368421052,0.05963302752293578,Orel Mangala
321,0.0,0.0,0.003424657534246575,0.8140000000000001,0.0,0.034210526315789476,0.022935779816513763,Benson Manuel
322,0.1111111111111111,0.07692307692307693,0.0684931506849315,0.778,0.0,0.1631578947368421,0.06422018348623854,Solly March
323,0.037037037037037035,0.0,0.0410958904109589,0.784,0.0,0.13157894736842105,0.027522935779816515,Anthony Martial
324,0.2222222222222222,0.3076923076923077,0.2328767123287671,0.779,0.0,0.5894736842105263,0.5825688073394496,Gabriel Martinelli
325,0.0,0.0,0.0,0.8290000000000001,0.0,0.881578947368421,0.0,Emiliano Martínez
326,0.0,0.07692307692307693,0.0,0.922,0.0,0.18947368421052632,0.03669724770642202,Lisandro Martínez
327,0.0,0.0,0.0,0.5,0.0,0.005263157894736842,0.009174311926605505,Han-Noah Massengo
328,0.1111111111111111,0.23076923076923078,0.11643835616438356,0.8740000000000001,0.0,0.6052631578947368,0.19724770642201836,Pape Matar Sarr
329,0.5925925925925926,0.38461538461538464,0.3732876712328767,0.7140000000000001,0.2222222222222222,0.6684210526315789,0.13302752293577982,Jean-Philippe Mateta
330,0.0,0.0,0.017123287671232876,0.876,0.0,0.2289473684210526,0.03669724770642202,Joël Matip
331,0.0,0.0,0.0,0.781059649122807,0.0,0.0,0.0,Alex Matos
332,0.0,0.0,0.0,0.0,0.0,0.0,0.0,Remi Matthews
333,0.2222222222222222,0.23076923076923078,0.1952054794520548,0.7190000000000001,0.0,0.3868421052631579,0.0963302752293578,Neal Maupay
334,0.0,0.0,0.04794520547945205,0.846,0.0,0.03157894736842105,0.0045871559633027525,Neal Maupay
335,0.037037037037037035,0.0,0.0410958904109589,0.7590000000000001,0.0,0.4394736842105263,0.045871559633027525,Konstantinos Mavropanos
336,0.3333333333333333,0.46153846153846156,0.3356164383561644,0.668,0.3333333333333333,0.5736842105263158,0.3394495412844037,Bryan Mbeumo
337,0.1111111111111111,0.23076923076923078,0.10616438356164383,0.6829999999999999,0.1111111111111111,0.531578947368421,0.25688073394495414,James Mcatee
338,0.0,0.0,0.0,0.781059649122807,0.0,0.0,0.0,James Mcatee
339,0.2222222222222222,0.23076923076923078,0.2363013698630137,0.593,0.2222222222222222,0.37368421052631573,0.027522935779816515,Oliver McBurnie
340,0.0,0.0,0.0,0.833,0.0,0.0,0.0,James McConnell
341,0.2222222222222222,0.3076923076923077,0.17123287671232876,0.795,0.0,0.876315789473684,0.27064220183486243,John McGinn
342,0.0,0.0,0.00684931506849315,0.737,0.0,0.12105263157894736,0.0045871559633027525,Scott McKenna
343,0.1111111111111111,0.46153846153846156,0.11643835616438356,0.6900000000000001,0.0,0.8447368421052631,0.3669724770642202,Dwight McNeil
344,0.25925925925925924,0.07692307692307693,0.1952054794520548,0.8059999999999999,0.0,0.5552631578947369,0.13302752293577982,Scott McTominay
345,0.07407407407407407,0.0,0.05136986301369863,0.766,0.0,0.37105263157894736,0.05045871559633028,Ben Mee
346,0.037037037037037035,0.0,0.0,0.816,0.0,0.039473684210526314,0.009174311926605505,Hannibal Mejbri
347,0.037037037037037035,0.0,0.02054794520547945,0.7759999999999999,0.0,0.7210526315789473,0.06880733944954129,Teden Mengi
348,0.0,0.07692307692307693,0.003424657534246575,0.8250000000000001,0.0,0.18157894736842106,0.01834862385321101,Chris Mepham
349,0.037037037037037035,0.23076923076923078,0.0410958904109589,0.8240000000000001,0.0,0.3526315789473684,0.06422018348623854,Lewis Miley
350,0.0,0.15384615384615385,0.010273972602739725,0.841,0.0,0.2263157894736842,0.05045871559633028,James Milner
351,0.0,0.0,0.0,1.0,0.0,0.007894736842105262,0.0,Tyrone Mings
352,0.07407407407407407,0.23076923076923078,0.0547945205479452,0.723,0.0,0.9368421052631579,0.14678899082568808,Tyrick Mitchell
353,0.1111111111111111,0.3076923076923077,0.11986301369863013,0.783,0.0,0.43421052631578944,0.555045871559633,Kaoru Mitoma
354,0.0,0.0,0.00684931506849315,0.5,0.0,0.010526315789473684,0.0,Aleksandar Mitrović
355,0.0,0.0,0.02054794520547945,0.799,0.0,0.18157894736842106,0.045871559633027525,Jakub Moder
356,0.0,0.15384615384615385,0.003424657534246575,0.756,0.0,0.23421052631578948,0.04128440366972477,Gonzalo Montiel
357,0.037037037037037035,0.0,0.05136986301369863,0.667,0.0,0.03157894736842105,0.009174311926605505,Kieffer Moore
358,0.0,0.0,0.0,0.8,0.0,0.0,0.009174311926605505,Mikey Moore
359,0.07407407407407407,0.0,0.03767123287671233,0.79,0.0,0.3026315789473684,0.14678899082568808,Álex Moreno
360,0.4074074074074074,0.3076923076923077,0.3904109589041096,0.644,0.5555555555555556,0.8368421052631578,0.16972477064220184,Carlton Morris
361,0.037037037037037035,0.0,0.0136986301369863,0.8170000000000001,0.0,0.15,0.04128440366972477,Mason Mount
362,0.0,0.0,0.003424657534246575,0.7270000000000001,0.0,0.02368421052631579,0.0,Divin Mubama
363,0.18518518518518517,0.15384615384615385,0.1506849315068493,0.68,0.0,0.4605263157894737,0.42201834862385323,Mykhailo Mudryk
364,0.3333333333333333,0.07692307692307693,0.297945205479452,0.613,0.0,0.4657894736842105,0.03669724770642202,Rodrigo Muniz
365,0.0,0.3076923076923077,0.0410958904109589,0.779,0.0,0.42105263157894735,0.11467889908256881,Daniel Muñoz
366,0.0,0.0,0.0,1.0,0.0,0.0,0.0,Finley Munroe
367,0.0,0.0,0.0,0.691,0.0,0.2631578947368421,0.0,Arijanet Muric
368,0.0,0.15384615384615385,0.06164383561643835,0.7690000000000001,0.0,0.8157894736842105,0.10091743119266056,Murillo
369,0.0,0.0,0.0,1.0,0.0,0.002631578947368421,0.0,Alex Murphy
370,0.1111111111111111,0.5384615384615385,0.07191780821917808,0.6609999999999999,0.0,0.34736842105263155,0.15137614678899083,Jacob Murphy
371,0.07407407407407407,0.0,0.05136986301369863,0.745,0.0,0.7210526315789473,0.06422018348623854,Vitaliy Mykolenko
372,0.0,0.0,0.00684931506849315,0.8420000000000001,0.0,0.33157894736842103,0.0045871559633027525,Marvelous Nakamba
373,0.0,0.0,0.0,0.5,0.0,0.0,0.0,Michael Ndiweni
374,0.0,0.0,0.00684931506849315,0.882,0.0,0.07894736842105263,0.04128440366972477,Reiss Nelson
375,0.0,0.0,0.0,1.0,0.0,0.002631578947368421,0.0,Zack Nelson
376,0.0,0.0,0.0,0.653,0.0,0.8421052631578947,0.0,Neto
377,0.07407407407407407,0.6923076923076923,0.11986301369863013,0.745,0.0,0.4421052631578947,0.44954128440366975,Pedro Neto
378,0.037037037037037035,0.0,0.03767123287671233,0.797,0.0,0.42631578947368415,0.05963302752293578,Moussa Niakhate
379,0.18518518518518517,0.15384615384615385,0.1541095890410959,0.7809999999999999,0.0,0.3157894736842105,0.10091743119266056,Eddie Nketiah
380,0.1111111111111111,0.0,0.07876712328767123,0.8690000000000001,0.0,0.12894736842105264,0.045871559633027525,Christopher Nkunku
381,0.0,0.0,0.0,0.716,0.0,0.03157894736842105,0.013761467889908258,Rhys Norrington-Davies
382,0.037037037037037035,0.0,0.03767123287671233,0.696,0.1111111111111111,0.42105263157894735,0.013761467889908258,Oliver Norwood
383,0.0,0.0,0.003424657534246575,0.821,0.0,0.05263157894736842,0.03211009174311927,Matheus Nunes
384,0.0,0.15384615384615385,0.0273972602739726,0.8420000000000001,0.0,0.19210526315789472,0.12844036697247707,Matheus Nunes
385,0.4074074074074074,0.6153846153846154,0.5582191780821918,0.6920000000000001,0.0,0.5973684210526315,0.26605504587155965,Darwin Núñez
386,0.0,0.0,0.0,0.833,0.0,0.005263157894736842,0.009174311926605505,Ethan Nwaneri
387,0.07407407407407407,0.07692307692307693,0.11986301369863013,0.799,0.0,0.731578947368421,0.06880733944954129,Christian Nørgaard
388,0.0,0.0,0.003424657534246575,0.813,0.0,0.018421052631578946,0.0,Mark O'Mahony
389,0.1111111111111111,0.3076923076923077,0.023972602739726026,0.792,0.0,0.8447368421052631,0.14678899082568808,Dara O'Shea
390,0.0,0.0,0.003424657534246575,0.8,0.0,0.005263157894736842,0.0,Michael Obafemi
391,0.1111111111111111,0.15384615384615385,0.0958904109589041,0.7640000000000001,0.0,0.6131578947368421,0.46788990825688076,Wilson Odobert
392,0.0,0.0,0.0,0.788,0.0,0.03684210526315789,0.04128440366972477,Odeluga Offiah
393,0.14814814814814814,0.07692307692307693,0.14383561643835616,0.746,0.0,0.5842105263157894,0.5825688073394496,Chiedozie Ogbene
394,0.0,0.0,0.0,0.799,0.0,0.18684210526315786,0.009174311926605505,Angelo Ogbonna
395,0.0,0.0,0.003424657534246575,0.675,0.0,0.018421052631578946,0.045871559633027525,Michael Olakigbe
396,0.37037037037037035,0.46153846153846156,0.18835616438356162,0.7490000000000001,0.1111111111111111,0.37368421052631573,0.3119266055045872,Michael Olise
397,0.0,0.0,0.0,0.813,0.0,0.11842105263157894,0.0,Robin Olsen
398,0.0,0.0,0.003424657534246575,0.8740000000000001,0.0,0.2289473684210526,0.0045871559633027525,Andrew Omobamidele
399,0.07407407407407407,0.0,0.0684931506849315,0.841,0.0,0.6105263157894736,0.0963302752293578,Amadou Onana
400,0.0,0.0,0.0,0.726,0.0,1.0,0.0045871559633027525,André Onana
401,0.0,0.0,0.0,1.0,0.0,0.002631578947368421,0.0045871559633027525,Ryan One
402,0.0,0.0,0.0,0.781059649122807,0.0,0.0,0.0,Tyler Onyango
403,0.0,0.0,0.00684931506849315,0.674,0.0,0.11842105263157894,0.04128440366972477,Fred Onyedinma
404,0.037037037037037035,0.15384615384615385,0.07534246575342465,0.755,0.0,0.3394736842105263,0.0779816513761468,Frank Onyeka
405,0.0,0.07692307692307693,0.04794520547945205,0.639,0.0,0.1763157894736842,0.0871559633027523,Divock Origi
406,0.0,0.0,0.0,0.8009999999999999,0.0,0.18684210526315786,0.0,Stefan Ortega
407,0.0,0.15384615384615385,0.00684931506849315,0.737,0.0,0.39999999999999997,0.07339449541284404,Ben Osborn
408,0.07407407407407407,0.0,0.03767123287671233,0.8220000000000001,0.0,0.5394736842105263,0.045871559633027525,Gabriel Osho
409,0.0,0.0,0.0547945205479452,0.527,0.0,0.2289473684210526,0.03211009174311927,William Osula
410,0.037037037037037035,0.15384615384615385,0.08904109589041095,0.665,0.0,0.36052631578947364,0.21559633027522937,Dango Ouattara
411,0.0,0.0,0.0,0.941,0.0,0.04473684210526315,0.009174311926605505,David Ozoh
412,0.14814814814814814,0.07692307692307693,0.11301369863013698,0.8240000000000001,0.0,0.7894736842105263,0.03669724770642202,João Palhinha
413,0.8148148148148148,0.8461538461538463,0.6232876712328766,0.792,1.0,0.763157894736842,0.536697247706422,Cole Palmer
414,0.0,0.0,0.0,0.8,0.0,0.002631578947368421,0.0,Cole Palmer
415,0.037037037037037035,0.15384615384615385,0.05136986301369863,0.8140000000000001,0.0,0.9184210526315788,0.27064220183486243,Emerson Palmieri
416,0.14814814814814814,0.46153846153846156,0.18493150684931506,0.7390000000000001,0.2222222222222222,0.7657894736842106,0.1559633027522936,Lucas Paquetá
417,0.0,0.0,0.0,0.33299999999999996,0.0,0.007894736842105262,0.0,Ben Parkinson
418,0.0,0.0,0.0136986301369863,0.8959999999999999,0.0,0.23157894736842105,0.06880733944954129,Thomas Partey
419,0.0,0.15384615384615385,0.010273972602739725,0.715,0.0,0.29473684210526313,0.0779816513761468,Nathan Patterson
420,0.0,0.0,0.0,0.6,0.0,0.002631578947368421,0.009174311926605505,Myles Peart-Harris
421,0.0,0.0,0.0,1.0,0.0,0.002631578947368421,0.0,Sydie Peck
422,0.0,0.07692307692307693,0.023972602739726026,0.7590000000000001,0.0,0.049999999999999996,0.027522935779816515,Facundo Pellistri
423,0.1111111111111111,0.5384615384615385,0.15753424657534246,0.7040000000000001,0.0,0.763157894736842,0.25688073394495414,Andreas Pereira
424,0.0,0.07692307692307693,0.003424657534246575,0.6970000000000001,0.0,0.02894736842105263,0.06880733944954129,Ivan Perišić
425,0.0,0.0,0.0,0.788,0.0,0.5815789473684211,0.0,Đorđe Petrović
426,0.0,0.0,0.003424657534246575,0.788,0.0,0.0894736842105263,0.013761467889908258,Kalvin Phillips
427,0.0,0.0,0.003424657534246575,0.886,0.0,0.02631578947368421,0.03211009174311927,Kalvin Phillips
428,0.0,0.0,0.0,0.75,0.0,0.0,0.009174311926605505,Jaden Philogene Bidace
429,0.0,0.0,0.0,0.626,0.0,1.0,0.0045871559633027525,Jordan Pickford
430,0.07407407407407407,0.0,0.0684931506849315,0.8320000000000001,0.0,0.7368421052631579,0.05045871559633028,Ethan Pinnock
431,0.0,0.0,0.0,0.7690000000000001,0.0,0.39210526315789473,0.0,Nick Pope
432,0.1111111111111111,0.5384615384615385,0.09931506849315068,0.762,0.0,0.9026315789473683,0.26146788990825687,Pedro Porro
433,0.07407407407407407,0.0,0.03424657534246575,0.886,0.0,0.34736842105263155,0.05963302752293578,Jarell Quansah
434,0.0,0.0,0.0,0.8240000000000001,0.0,0.05263157894736842,0.0,Ionuț Radu
435,0.0,0.0,0.0136986301369863,0.74,0.0,0.039473684210526314,0.03211009174311927,Jesurun Rak Sakyi
436,0.0,0.0,0.0,0.6970000000000001,0.0,0.15789473684210525,0.0,Aaron Ramsdale
437,0.0,0.0,0.010273972602739725,0.7809999999999999,0.0,0.15526315789473685,0.03669724770642202,Aaron Ramsey
438,0.037037037037037035,0.07692307692307693,0.07534246575342465,0.798,0.0,0.25,0.15137614678899083,Jacob Ramsey
439,0.25925925925925924,0.15384615384615385,0.2534246575342466,0.753,0.2222222222222222,0.6631578947368421,0.4357798165137615,Marcus Rashford
440,0.0,0.0,0.0,0.7490000000000001,0.0,0.8421052631578947,0.0,David Raya
441,0.037037037037037035,0.0,0.03424657534246575,0.891,0.0,0.4394736842105263,0.05045871559633028,Tim Ream
442,0.0,0.0,0.0,0.658,0.0,0.042105263157894736,0.03211009174311927,Nathan Redmond
443,0.0,0.15384615384615385,0.010273972602739725,0.838,0.0,0.3868421052631579,0.045871559633027525,Harrison Reed
444,0.0,0.0,0.00684931506849315,0.777,0.0,0.12105263157894736,0.05045871559633028,Sergio Reguilón
445,0.0,0.3076923076923077,0.0273972602739726,0.672,0.0,0.3263157894736842,0.1559633027522936,Sergio Reguilón
446,0.2222222222222222,0.15384615384615385,0.15753424657534246,0.747,0.0,0.41578947368421054,0.16055045871559634,Bobby Reid
447,0.0,0.07692307692307693,0.010273972602739725,0.843,0.0,0.06842105263157895,0.013761467889908258,Gio Reyna
448,0.0,0.0,0.0,0.75,0.0,0.005263157894736842,0.009174311926605505,Rodrigo Ribeiro
449,0.25925925925925924,0.6153846153846154,0.11301369863013698,0.8890000000000001,0.0,0.9421052631578946,0.34403669724770647,Declan Rice
450,0.037037037037037035,0.07692307692307693,0.02054794520547945,0.826,0.0,0.6131578947368421,0.0045871559633027525,Chris Richards
451,0.4074074074074074,0.3076923076923077,0.3287671232876712,0.6809999999999999,0.0,0.4368421052631579,0.11926605504587157,Richarlison
452,0.0,0.0,0.0,0.77,0.0,0.06842105263157895,0.013761467889908258,Jaïro Riedewald
453,0.037037037037037035,0.0,0.03424657534246575,0.753,0.0,0.03684210526315789,0.022935779816513763,Matt Ritchie
454,0.0,0.07692307692307693,0.0,0.798,0.0,0.23947368421052628,0.027522935779816515,Connor Roberts
455,0.1111111111111111,0.15384615384615385,0.06506849315068493,0.807,0.0,0.49473684210526314,0.28899082568807344,Andrew Robertson
456,0.0,0.46153846153846156,0.023972602739726026,0.737,0.0,0.9552631578947367,0.45412844036697253,Antonee Robinson
457,0.037037037037037035,0.07692307692307693,0.0410958904109589,0.713,0.0,0.8447368421052631,0.03669724770642202,Jack Robinson
458,0.2962962962962963,0.6923076923076923,0.14041095890410957,0.92,0.0,0.8578947368421053,0.3486238532110092,Rodri
459,0.07407407407407407,0.07692307692307693,0.11986301369863013,0.657,0.1111111111111111,0.23947368421052628,0.009174311926605505,Jay Rodriguez
460,0.037037037037037035,0.15384615384615385,0.030821917808219176,0.668,0.0,0.5815789473684211,0.08256880733944955,Mads Roerslev
461,0.1111111111111111,0.07692307692307693,0.04794520547945205,0.7540000000000001,0.0,0.18684210526315786,0.10091743119266056,Morgan Rogers
462,0.18518518518518517,0.0,0.11986301369863013,0.917,0.0,0.8157894736842105,0.14678899082568808,Cristian Romero
463,0.0,0.0,0.003424657534246575,0.8290000000000001,0.0,0.1131578947368421,0.027522935779816515,Joe Rothwell
464,0.0,0.0,0.02054794520547945,0.736,0.0,0.3210526315789473,0.045871559633027525,Pelly Ruddock Mpanzu
465,0.0,0.07692307692307693,0.0,0.6559999999999999,0.0,0.8868421052631579,0.0,José Sá
466,0.0,0.0,0.0,0.0,0.0,0.0,0.0,Dominic Sadi
467,0.5925925925925926,0.6923076923076923,0.5308219178082192,0.756,0.6666666666666666,0.8526315789473683,0.7110091743119267,Bukayo Saka
468,0.6666666666666666,0.7692307692307693,0.7260273972602739,0.73,0.5555555555555556,0.7421052631578947,0.44954128440366975,Mohamed Salah
469,0.07407407407407407,0.07692307692307693,0.0547945205479452,0.924,0.0,1.0,0.07339449541284404,William Saliba
470,0.037037037037037035,0.23076923076923078,0.02054794520547945,0.873,0.0,0.381578947368421,0.13302752293577982,Albert Sambi Lokonga
471,0.0,0.0,0.003424657534246575,0.907,0.0,0.02368421052631579,0.0,Davinson Sánchez
472,0.0,0.0,0.0,0.821,0.0,0.4184210526315789,0.0,Robert Sánchez
473,0.0,0.0,0.0,0.7909999999999999,0.0,0.02368421052631579,0.045871559633027525,Jadon Sancho
474,0.0,0.0,0.02054794520547945,0.798,0.0,0.3026315789473684,0.022935779816513763,Ibrahim Sangaré
475,0.0,0.0,0.003424657534246575,1.0,0.0,0.002631578947368421,0.0,Andrey Santos
476,0.14814814814814814,0.5384615384615385,0.18835616438356162,0.701,0.2222222222222222,0.5105263157894736,0.18807339449541285,Pablo Sarabia
477,0.0,0.0,0.0,0.667,0.0,0.005263157894736842,0.0,Dane Scarlett
478,0.07407407407407407,0.07692307692307693,0.0410958904109589,0.611,0.0,0.09736842105263158,0.03669724770642202,Kevin Schade
479,0.14814814814814814,0.07692307692307693,0.08561643835616438,0.828,0.0,0.8921052631578946,0.12844036697247707,Fabian Schär
480,0.07407407407407407,0.15384615384615385,0.06164383561643835,0.74,0.0,0.39473684210526316,0.09174311926605505,Jeffrey Schlupp
481,0.037037037037037035,0.07692307692307693,0.023972602739726026,0.762,0.0,0.29736842105263156,0.11009174311926606,Alex Scott
482,0.0,0.0,0.0,0.696,0.0,0.42105263157894735,0.0,Matz Sels
483,0.0,0.07692307692307693,0.04452054794520548,0.797,0.0,0.9026315789473683,0.47247706422018354,Nélson Semedo
484,0.2962962962962963,0.15384615384615385,0.15753424657534246,0.6990000000000001,0.0,0.6157894736842104,0.40825688073394495,Antoine Semenyo
485,0.14814814814814814,0.38461538461538464,0.0684931506849315,0.775,0.0,0.6552631578947368,0.14220183486238533,Marcos Senesi
486,0.0,0.0,0.0,0.8190000000000001,0.0,0.28157894736842104,0.045871559633027525,Luke Shaw
487,0.0,0.0,0.0,0.667,0.0,0.005263157894736842,0.0,James Shea
488,0.2222222222222222,0.6923076923076923,0.1267123287671233,0.863,0.0,0.7526315789473684,0.6422018348623854,Bernardo Silva
489,0.0,0.0,0.03424657534246575,0.8029999999999999,0.0,0.0763157894736842,0.022935779816513763,Fábio Silva
490,0.1111111111111111,0.07692307692307693,0.0273972602739726,0.9470000000000001,0.0,0.7394736842105263,0.009174311926605505,Thiago Silva
491,0.07407407407407407,0.15384615384615385,0.08561643835616438,0.774,0.0,0.20526315789473681,0.23394495412844038,Luis Sinisterra
492,0.0,0.0,0.023972602739726026,0.9159999999999999,0.0,0.20789473684210527,0.03669724770642202,Oliver Skipp
493,0.0,0.15384615384615385,0.003424657534246575,0.763,0.0,0.6289473684210526,0.11009174311926606,Adam Smith
494,0.0,0.07692307692307693,0.0684931506849315,0.883,0.0,0.10263157894736841,0.05045871559633028,Emile Smith Rowe
495,0.0,0.0,0.0,0.87,0.0,0.018421052631578946,0.0,Cédric Soares
496,0.7037037037037037,0.23076923076923078,0.6712328767123288,0.735,0.2222222222222222,0.9710526315789473,0.23853211009174313,Dominic Solanke
497,0.0,0.15384615384615385,0.0136986301369863,0.867,0.0,0.05789473684210526,0.0779816513761468,Manor Solomon
498,0.25925925925925924,0.15384615384615385,0.22945205479452055,0.751,0.0,0.8394736842105263,0.03211009174311927,Tomáš Souček
499,0.037037037037037035,0.0,0.02054794520547945,0.794,0.0,0.7789473684210526,0.03669724770642202,Vinicius Souza
500,0.0,0.0,0.0,0.8470000000000001,0.0,0.4473684210526315,0.0,Jason Steele
501,0.2962962962962963,0.3076923076923077,0.2226027397260274,0.7390000000000001,0.0,0.5789473684210527,0.5504587155963303,Raheem Sterling
502,0.037037037037037035,0.0,0.03424657534246575,0.9309999999999999,0.0,0.3105263157894737,0.07339449541284404,John Stones
503,0.0,0.0,0.0,0.7320000000000001,0.0,0.039473684210526314,0.0,Thomas Strakosha
504,0.1111111111111111,0.15384615384615385,0.1267123287671233,0.826,0.0,0.6157894736842104,0.34403669724770647,Dominik Szoboszlai
505,0.0,0.0,0.0,0.878,0.0,0.02368421052631579,0.0045871559633027525,Matt Targett
506,0.037037037037037035,0.07692307692307693,0.08904109589041095,0.7709999999999999,0.0,1.0,0.06880733944954129,James Tarkowski
507,0.0,0.0,0.0,0.781059649122807,0.0,0.0,0.0,Jimi Tauriainen
508,0.0,0.0,0.00684931506849315,0.7340000000000001,0.0,0.13421052631578945,0.06422018348623854,Nuno Tavares
509,0.1111111111111111,0.3076923076923077,0.13356164383561642,0.715,0.0,0.6184210526315789,0.3623853211009175,Marcus Tavernier
510,0.037037037037037035,0.07692307692307693,0.00684931506849315,0.758,0.0,0.681578947368421,0.1651376146788991,Charlie Taylor
511,0.037037037037037035,0.0,0.030821917808219176,0.799,0.0,0.2526315789473684,0.09174311926605505,Kenny Tete
512,0.0,0.0,0.017123287671232876,0.7340000000000001,0.0,0.2684210526315789,0.03669724770642202,Luke Thomas
513,0.07407407407407407,0.46153846153846156,0.04452054794520548,0.831,0.0,0.47368421052631576,0.10550458715596331,Youri Tielemans
514,0.0,0.0,0.0,0.892,0.0,0.021052631578947368,0.0,Jurriën Timber
515,0.037037037037037035,0.23076923076923078,0.0547945205479452,0.7190000000000001,0.0,0.42631578947368415,0.045871559633027525,Harry Toffolo
516,0.07407407407407407,0.07692307692307693,0.05136986301369863,0.8240000000000001,0.0,0.3368421052631579,0.0779816513761468,Takehiro Tomiyasu
517,0.0,0.0,0.0,0.8570000000000001,0.0,0.002631578947368421,0.0,James Tomkins
518,0.037037037037037035,0.0,0.023972602739726026,0.861,0.0,0.12894736842105264,0.05045871559633028,Sandro Tonali
519,0.14814814814814814,0.15384615384615385,0.2054794520547945,0.535,0.0,0.42368421052631583,0.10550458715596331,Ivan Toney
520,0.07407407407407407,0.0,0.03424657534246575,0.8740000000000001,0.0,0.7210526315789473,0.1926605504587156,Pau Torres
521,0.037037037037037035,0.23076923076923078,0.0410958904109589,0.7040000000000001,0.0,0.3526315789473684,0.21559633027522937,Andros Townsend
522,0.0,0.0,0.0,0.655,0.0,0.7368421052631579,0.0,James Trafford
523,0.07407407407407407,0.23076923076923078,0.05136986301369863,0.698,0.0,0.11052631578947368,0.13302752293577982,Adama Traoré
524,0.0,0.0,0.010273972602739725,0.775,0.0,0.1131578947368421,0.03211009174311927,Bénie Traoré
525,0.0,0.0,0.0,0.667,0.0,0.002631578947368421,0.0,Bertrand Traoré
526,0.0,0.0,0.010273972602739725,0.8420000000000001,0.0,0.23947368421052628,0.04128440366972477,Boubacar Traoré
527,0.0,0.0,0.0,0.568,0.0,0.10526315789473684,0.0,Mark Travers
528,0.0,0.0,0.017123287671232876,0.667,0.0,0.12368421052631579,0.06880733944954129,Mike Trésor
529,0.037037037037037035,0.7692307692307693,0.023972602739726026,0.762,0.0,0.6526315789473685,0.1559633027522936,Kieran Trippier
530,0.4444444444444444,0.07692307692307693,0.2705479452054794,0.7340000000000001,0.0,0.48157894736842105,0.30275229357798167,Leandro Trossard
531,0.0,0.0,0.0136986301369863,0.763,0.0,0.7526315789473684,0.045871559633027525,Auston Trusty
532,0.0,0.23076923076923078,0.003424657534246575,0.766,0.0,0.19736842105263158,0.11009174311926606,Kostas Tsimikas
533,0.0,0.0,0.0,0.6890000000000001,0.0,0.4473684210526315,0.0,Matt Turner
534,0.07407407407407407,0.23076923076923078,0.0821917808219178,0.858,0.0,0.7,0.3807339449541285,Destiny Udogie
535,0.0,0.0,0.0,0.8470000000000001,0.0,0.08684210526315789,0.03669724770642202,Lesley Ugochukwu
536,0.07407407407407407,0.15384615384615385,0.09931506849315068,0.733,0.0,0.09473684210526316,0.01834862385321101,Enes Ünal
537,0.07407407407407407,0.15384615384615385,0.0958904109589041,0.914,0.0,0.9289473684210525,0.14678899082568808,Virgil van Dijk
538,0.037037037037037035,0.0,0.04452054794520548,0.8890000000000001,0.0,0.4026315789473684,0.07339449541284404,Raphaël Varane
539,0.037037037037037035,0.0,0.00684931506849315,0.5,0.0,0.015789473684210523,0.0,Alejo Véliz
540,0.037037037037037035,0.07692307692307693,0.0136986301369863,0.8370000000000001,0.0,0.4631578947368421,0.11009174311926606,Joël Veltman
541,0.1111111111111111,0.0,0.02054794520547945,0.938,0.0,0.6842105263157894,0.0871559633027523,Micky van de Ven
542,0.0,0.0,0.0,0.8740000000000001,0.0,0.5526315789473684,0.0,Bart Verbruggen
543,0.0,0.0,0.0,0.851,0.0,1.0,0.0,Guglielmo Vicario
544,0.037037037037037035,0.15384615384615385,0.04452054794520548,0.813,0.1111111111111111,0.08684210526315789,0.05504587155963303,Fabio Vieira
545,0.07407407407407407,0.0,0.0547945205479452,0.742,0.0,0.09210526315789473,0.013761467889908258,Carlos Vinícius
546,0.0,0.15384615384615385,0.0547945205479452,0.7190000000000001,0.0,0.6763157894736842,0.27064220183486243,Vitinho
547,0.0,0.0,0.0,0.8009999999999999,0.0,0.13157894736842105,0.0,Odisseas Vlachodimos
548,0.0,0.3076923076923077,0.0136986301369863,0.885,0.0,0.8078947368421052,0.3394495412844037,Kyle Walker
549,0.0,0.15384615384615385,0.003424657534246575,0.835,0.0,0.5210526315789473,0.13761467889908258,Aaron Wan-Bissaka
550,0.0,0.07692307692307693,0.030821917808219176,0.757,0.0,0.5789473684210527,0.07339449541284404,Joel Ward
551,0.25925925925925924,0.5384615384615385,0.2054794520547945,0.8290000000000001,0.2222222222222222,0.876315789473684,0.08256880733944955,James Ward-Prowse
552,0.0,0.0,0.0,1.0,0.0,0.0,0.0,Lewis Warrington
553,0.0,0.0,0.017123287671232876,1.0,0.0,0.002631578947368421,0.0,Deivid Washington
554,0.7037037037037037,1.0,0.5753424657534246,0.7540000000000001,0.0,0.9394736842105263,0.28440366972477066,Ollie Watkins
555,0.0,0.0,0.0136986301369863,0.91,0.0,0.33421052631578946,0.07339449541284404,Adam Webster
556,0.18518518518518517,0.07692307692307693,0.18150684931506847,0.821,0.0,0.49473684210526314,0.14678899082568808,Danny Welbeck
557,0.07407407407407407,0.23076923076923078,0.1267123287671233,0.768,0.0,0.23684210526315788,0.3623853211009175,Timo Werner
558,0.0,0.23076923076923078,0.010273972602739725,0.779,0.0,0.37894736842105264,0.06422018348623854,Adam Wharton
559,0.0,0.0,0.0,0.781059649122807,0.0,0.005263157894736842,0.0,Ethan Wheatley
560,0.14814814814814814,0.3076923076923077,0.0410958904109589,0.84,0.0,0.8736842105263158,0.2018348623853211,Ben White
561,0.0,0.0,0.0,0.917,0.0,0.002631578947368421,0.009174311926605505,Joe White
562,0.0,0.07692307692307693,0.0273972602739726,0.6609999999999999,0.0,0.47894736842105257,0.22018348623853212,Neco Williams
563,0.14814814814814814,0.15384615384615385,0.17465753424657532,0.8140000000000001,0.2222222222222222,0.6,0.42201834862385323,Willian
564,0.037037037037037035,0.0,0.0273972602739726,0.8290000000000001,0.0,0.12368421052631579,0.07339449541284404,Joe Willock
565,0.3333333333333333,0.07692307692307693,0.3013698630136986,0.644,0.2222222222222222,0.2894736842105263,0.05045871559633028,Callum Wilson
566,0.14814814814814814,0.46153846153846156,0.11643835616438356,0.756,0.0,0.47368421052631576,0.18807339449541285,Harry Wilson
567,0.4444444444444444,0.23076923076923078,0.36301369863013694,0.708,0.0,0.7289473684210526,0.20642201834862386,Yoane Wissa
568,0.5185185185185185,0.07692307692307693,0.40753424657534243,0.642,0.0,0.5289473684210526,0.07339449541284404,Chris Wood
569,0.037037037037037035,0.07692307692307693,0.04794520547945205,0.7240000000000001,0.0,0.12368421052631579,0.03211009174311927,Cauley Woodrow
570,0.0,0.0,0.003424657534246575,0.841,0.0,0.12894736842105264,0.0,Joe Worrall
571,0.0,0.0,0.03424657534246575,0.742,0.0,0.19999999999999998,0.05963302752293578,Yehor Yarmoliuk
572,0.037037037037037035,0.07692307692307693,0.08904109589041095,0.795,0.0,0.5815789473684211,0.08256880733944955,Ryan Yates
573,0.0,0.0,0.02054794520547945,0.687,0.0,0.6657894736842105,0.1834862385321101,Ashley Young
574,0.037037037037037035,0.0,0.03767123287671233,0.8150000000000001,0.0,0.9736842105263157,0.11009174311926606,Illia Zabarnyi
575,0.07407407407407407,0.0,0.08904109589041095,0.658,0.0,0.24473684210526317,0.16055045871559634,Nicolò Zaniolo
576,0.0,0.0,0.00684931506849315,0.614,0.0,0.04473684210526315,0.009174311926605505,Anass Zaroury
577,0.037037037037037035,0.15384615384615385,0.02054794520547945,0.876,0.0,0.5026315789473684,0.1834862385321101,Oleksandr Zinchenko
578,0.1111111111111111,0.0,0.06164383561643835,0.838,0.0,0.8289473684210525,0.03211009174311927,Kurt Zouma
579,0.2962962962962963,0.7692307692307693,0.2534246575342466,0.843,0.2222222222222222,0.9026315789473683,0.4174311926605505,Martin Ødegaard
