Round,Opponent,Venue,days_since_first_match,Result,Total_Shots_team,Total_SoT_team,Total_xG_team,Total_Possession,Goals_Per_Match_team,Goals_Conceded_Per_Match_team,Goals_Scored_Haaland,SoT_Haaland,Expected_Goals_Haaland,Non_Penalty_xG_Haaland,xG_per_Shot_Haaland,Shot_Accuracy_Haaland,Goals_Per_Shot_Haaland,Assists_Haaland,Minutes_Played_Haaland,xG_Per_Minute_Haaland,Goals_Per_Minute_Haaland,SCA_Per_Minute_Haaland,GCA_Per_Minute_Haaland,Match_Impact_Haaland,Home_Away,Opponent_Strength,Match_Event_Influence,Match_Tempo,Expected Goals
1,5,0,0,2,17,8,1.9,65,3.0,0.0,2,8,1.9,1.9,0.11176470588235293,0.47058823529411764,0.17647058823529413,0,79,0.024050632911392405,0.0379746835443038,0.0379746835443038,0.0,6,0,-0.79,3,0.21518987341772153,1.9
1,5,0,0,2,17,8,1.9,65,3.0,0.0,2,8,1.9,1.9,0.11176470588235293,0.47058823529411764,0.17647058823529413,0,79,0.024050632911392405,0.0379746835443038,0.0379746835443038,0.0,6,0,-0.79,3,0.21518987341772153,1.9
1,5,0,0,2,17,8,1.9,65,3.0,0.0,2,8,1.9,1.9,0.11176470588235293,0.47058823529411764,0.17647058823529413,0,79,0.024050632911392405,0.0379746835443038,0.0379746835443038,0.0,6,0,-0.79,3,0.21518987341772153,1.9
1,5,0,0,2,17,8,1.9,65,3.0,0.0,2,8,1.9,1.9,0.11176470588235293,0.47058823529411764,0.17647058823529413,0,79,0.024050632911392405,0.0379746835443038,0.0379746835443038,0.0,6,0,-0.79,3,0.21518987341772153,1.9
1,5,0,0,2,17,8,1.9,65,3.0,0.0,2,8,1.9,1.9,0.11176470588235293,0.47058823529411764,0.17647058823529413,0,79,0.024050632911392405,0.0379746835443038,0.0379746835443038,0.0,6,0,-0.79,3,0.21518987341772153,1.9
1,5,0,0,2,17,8,1.9,65,3.0,0.0,2,8,1.9,1.9,0.11176470588235293,0.47058823529411764,0.17647058823529413,0,79,0.024050632911392405,0.0379746835443038,0.0379746835443038,0.0,6,0,-0.79,3,0.21518987341772153,1.9
1,5,0,0,2,17,8,1.9,65,3.0,0.0,2,8,1.9,1.9,0.11176470588235293,0.47058823529411764,0.17647058823529413,0,79,0.024050632911392405,0.0379746835443038,0.0379746835443038,0.0,6,0,-0.79,3,0.21518987341772153,1.9
1,5,0,0,2,17,8,1.9,65,3.0,0.0,2,8,1.9,1.9,0.11176470588235293,0.47058823529411764,0.17647058823529413,0,79,0.024050632911392405,0.0379746835443038,0.0379746835443038,0.0,6,0,-0.79,3,0.21518987341772153,1.9
2,13,1,8,2,14,4,1.0,59,0.5,0.0,0,4,1.0,1.0,0.07142857142857142,0.2857142857142857,0.07142857142857142,0,90,0.011111111111111112,0.011111111111111112,0.022222222222222223,0.0,3,0,0.96,1,0.15555555555555556,1.0
2,13,1,8,2,14,4,1.0,59,0.5,0.0,0,4,1.0,1.0,0.07142857142857142,0.2857142857142857,0.07142857142857142,0,90,0.011111111111111112,0.011111111111111112,0.022222222222222223,0.0,3,0,0.96,1,0.15555555555555556,1.0
2,13,1,8,2,14,4,1.0,59,0.5,0.0,0,4,1.0,1.0,0.07142857142857142,0.2857142857142857,0.07142857142857142,0,90,0.011111111111111112,0.011111111111111112,0.022222222222222223,0.0,3,0,0.96,1,0.15555555555555556,1.0
2,13,1,8,2,14,4,1.0,59,0.5,0.0,0,4,1.0,1.0,0.07142857142857142,0.2857142857142857,0.07142857142857142,0,90,0.011111111111111112,0.011111111111111112,0.022222222222222223,0.0,3,0,0.96,1,0.15555555555555556,1.0
3,15,0,16,2,29,9,3.5,79,0.6666666666666666,0.3333333333333333,1,9,3.5,2.8,0.1206896551724138,0.3103448275862069,0.06896551724137931,0,90,0.03888888888888889,0.022222222222222223,0.022222222222222223,0.011111111111111112,4,0,-1.03,1,0.32222222222222224,3.5
3,15,0,16,2,29,9,3.5,79,0.6666666666666666,0.3333333333333333,1,9,3.5,2.8,0.1206896551724138,0.3103448275862069,0.06896551724137931,0,90,0.03888888888888889,0.022222222222222223,0.022222222222222223,0.011111111111111112,4,0,-1.03,1,0.32222222222222224,3.5
3,15,0,16,2,29,9,3.5,79,0.6666666666666666,0.3333333333333333,1,9,3.5,2.8,0.1206896551724138,0.3103448275862069,0.06896551724137931,0,90,0.03888888888888889,0.022222222222222223,0.022222222222222223,0.011111111111111112,4,0,-1.03,1,0.32222222222222224,3.5
3,15,0,16,2,29,9,3.5,79,0.6666666666666666,0.3333333333333333,1,9,3.5,2.8,0.1206896551724138,0.3103448275862069,0.06896551724137931,0,90,0.03888888888888889,0.022222222222222223,0.022222222222222223,0.011111111111111112,4,0,-1.03,1,0.32222222222222224,3.5
3,15,0,16,2,29,9,3.5,79,0.6666666666666666,0.3333333333333333,1,9,3.5,2.8,0.1206896551724138,0.3103448275862069,0.06896551724137931,0,90,0.03888888888888889,0.022222222222222223,0.022222222222222223,0.011111111111111112,4,0,-1.03,1,0.32222222222222224,3.5
3,15,0,16,2,29,9,3.5,79,0.6666666666666666,0.3333333333333333,1,9,3.5,2.8,0.1206896551724138,0.3103448275862069,0.06896551724137931,0,90,0.03888888888888889,0.022222222222222223,0.022222222222222223,0.011111111111111112,4,0,-1.03,1,0.32222222222222224,3.5
3,15,0,16,2,29,9,3.5,79,0.6666666666666666,0.3333333333333333,1,9,3.5,2.8,0.1206896551724138,0.3103448275862069,0.06896551724137931,0,90,0.03888888888888889,0.022222222222222223,0.022222222222222223,0.011111111111111112,4,0,-1.03,1,0.32222222222222224,3.5
3,15,0,16,2,29,9,3.5,79,0.6666666666666666,0.3333333333333333,1,9,3.5,2.8,0.1206896551724138,0.3103448275862069,0.06896551724137931,0,90,0.03888888888888889,0.022222222222222223,0.022222222222222223,0.011111111111111112,4,0,-1.03,1,0.32222222222222224,3.5
4,9,1,22,2,6,4,2.2,68,1.25,0.25,3,4,2.2,1.4,0.3666666666666667,0.6666666666666666,0.8333333333333334,1,90,0.024444444444444446,0.05555555555555555,0.022222222222222223,0.011111111111111112,8,0,-0.4,4,0.06666666666666667,2.2
4,9,1,22,2,6,4,2.2,68,1.25,0.25,3,4,2.2,1.4,0.3666666666666667,0.6666666666666666,0.8333333333333334,1,90,0.024444444444444446,0.05555555555555555,0.022222222222222223,0.011111111111111112,8,0,-0.4,4,0.06666666666666667,2.2
4,9,1,22,2,6,4,2.2,68,1.25,0.25,3,4,2.2,1.4,0.3666666666666667,0.6666666666666666,0.8333333333333334,1,90,0.024444444444444446,0.05555555555555555,0.022222222222222223,0.011111111111111112,8,0,-0.4,4,0.06666666666666667,2.2
4,9,1,22,2,6,4,2.2,68,1.25,0.25,3,4,2.2,1.4,0.3666666666666667,0.6666666666666666,0.8333333333333334,1,90,0.024444444444444446,0.05555555555555555,0.022222222222222223,0.011111111111111112,8,0,-0.4,4,0.06666666666666667,2.2
4,9,1,22,2,6,4,2.2,68,1.25,0.25,3,4,2.2,1.4,0.3666666666666667,0.6666666666666666,0.8333333333333334,1,90,0.024444444444444446,0.05555555555555555,0.022222222222222223,0.011111111111111112,8,0,-0.4,4,0.06666666666666667,2.2
4,9,1,22,2,6,4,2.2,68,1.25,0.25,3,4,2.2,1.4,0.3666666666666667,0.6666666666666666,0.8333333333333334,1,90,0.024444444444444446,0.05555555555555555,0.022222222222222223,0.011111111111111112,8,0,-0.4,4,0.06666666666666667,2.2
4,9,1,22,2,6,4,2.2,68,1.25,0.25,3,4,2.2,1.4,0.3666666666666667,0.6666666666666666,0.8333333333333334,1,90,0.024444444444444446,0.05555555555555555,0.022222222222222223,0.011111111111111112,8,0,-0.4,4,0.06666666666666667,2.2
4,9,1,22,2,6,4,2.2,68,1.25,0.25,3,4,2.2,1.4,0.3666666666666667,0.6666666666666666,0.8333333333333334,1,90,0.024444444444444446,0.05555555555555555,0.022222222222222223,0.011111111111111112,8,0,-0.4,4,0.06666666666666667,2.2
4,9,1,22,2,6,4,2.2,68,1.25,0.25,3,4,2.2,1.4,0.3666666666666667,0.6666666666666666,0.8333333333333334,1,90,0.024444444444444446,0.05555555555555555,0.022222222222222223,0.011111111111111112,8,0,-0.4,4,0.06666666666666667,2.2
4,9,1,22,2,6,4,2.2,68,1.25,0.25,3,4,2.2,1.4,0.3666666666666667,0.6666666666666666,0.8333333333333334,1,90,0.024444444444444446,0.05555555555555555,0.022222222222222223,0.011111111111111112,8,0,-0.4,4,0.06666666666666667,2.2
4,9,1,22,2,6,4,2.2,68,1.25,0.25,3,4,2.2,1.4,0.3666666666666667,0.6666666666666666,0.8333333333333334,1,90,0.024444444444444446,0.05555555555555555,0.022222222222222223,0.011111111111111112,8,0,-0.4,4,0.06666666666666667,2.2
4,9,1,22,2,6,4,2.2,68,1.25,0.25,3,4,2.2,1.4,0.3666666666666667,0.6666666666666666,0.8333333333333334,1,90,0.024444444444444446,0.05555555555555555,0.022222222222222223,0.011111111111111112,8,0,-0.4,4,0.06666666666666667,2.2
5,17,0,36,2,29,13,3.6,68,0.6,0.2,1,13,3.6,3.6,0.12413793103448276,0.4482758620689655,0.10344827586206896,0,89,0.040449438202247195,0.033707865168539325,0.02247191011235955,0.0,5,0,-0.51,2,0.3258426966292135,3.6
5,17,0,36,2,29,13,3.6,68,0.6,0.2,1,13,3.6,3.6,0.12413793103448276,0.4482758620689655,0.10344827586206896,0,89,0.040449438202247195,0.033707865168539325,0.02247191011235955,0.0,5,0,-0.51,2,0.3258426966292135,3.6
5,17,0,36,2,29,13,3.6,68,0.6,0.2,1,13,3.6,3.6,0.12413793103448276,0.4482758620689655,0.10344827586206896,0,89,0.040449438202247195,0.033707865168539325,0.02247191011235955,0.0,5,0,-0.51,2,0.3258426966292135,3.6
5,17,0,36,2,29,13,3.6,68,0.6,0.2,1,13,3.6,3.6,0.12413793103448276,0.4482758620689655,0.10344827586206896,0,89,0.040449438202247195,0.033707865168539325,0.02247191011235955,0.0,5,0,-0.51,2,0.3258426966292135,3.6
5,17,0,36,2,29,13,3.6,68,0.6,0.2,1,13,3.6,3.6,0.12413793103448276,0.4482758620689655,0.10344827586206896,0,89,0.040449438202247195,0.033707865168539325,0.02247191011235955,0.0,5,0,-0.51,2,0.3258426966292135,3.6
5,17,0,36,2,29,13,3.6,68,0.6,0.2,1,13,3.6,3.6,0.12413793103448276,0.4482758620689655,0.10344827586206896,0,89,0.040449438202247195,0.033707865168539325,0.02247191011235955,0.0,5,0,-0.51,2,0.3258426966292135,3.6
5,17,0,36,2,29,13,3.6,68,0.6,0.2,1,13,3.6,3.6,0.12413793103448276,0.4482758620689655,0.10344827586206896,0,89,0.040449438202247195,0.033707865168539325,0.02247191011235955,0.0,5,0,-0.51,2,0.3258426966292135,3.6
5,17,0,36,2,29,13,3.6,68,0.6,0.2,1,13,3.6,3.6,0.12413793103448276,0.4482758620689655,0.10344827586206896,0,89,0.040449438202247195,0.033707865168539325,0.02247191011235955,0.0,5,0,-0.51,2,0.3258426966292135,3.6
5,17,0,36,2,29,13,3.6,68,0.6,0.2,1,13,3.6,3.6,0.12413793103448276,0.4482758620689655,0.10344827586206896,0,89,0.040449438202247195,0.033707865168539325,0.02247191011235955,0.0,5,0,-0.51,2,0.3258426966292135,3.6
6,14,1,43,2,7,4,1.3,57,0.3333333333333333,0.0,1,4,1.3,1.3,0.18571428571428572,0.5714285714285714,0.2857142857142857,0,90,0.014444444444444446,0.022222222222222223,0.022222222222222223,0.0,4,0,-0.44,2,0.07777777777777778,1.3
6,14,1,43,2,7,4,1.3,57,0.3333333333333333,0.0,1,4,1.3,1.3,0.18571428571428572,0.5714285714285714,0.2857142857142857,0,90,0.014444444444444446,0.022222222222222223,0.022222222222222223,0.0,4,0,-0.44,2,0.07777777777777778,1.3
7,18,0,50,1,23,8,0.9,68,0.14285714285714285,0.2857142857142857,0,8,0.9,0.9,0.0391304347826087,0.34782608695652173,0.043478260869565216,0,90,0.01,0.011111111111111112,0.011111111111111112,0.0,2,0,-0.54,-1,0.25555555555555554,0.9
8,0,0,58,1,4,0,0.5,51,0.0,0.125,0,0,0.5,0.5,0.125,0.0,0.0,0,90,0.005555555555555556,0.0,0.022222222222222223,0.0,2,0,4.07,-1,0.044444444444444446,0.5
9,4,1,71,2,10,5,0.8,55,0.2222222222222222,0.1111111111111111,1,5,0.8,0.8,0.08,0.5,0.2,0,90,0.008888888888888889,0.022222222222222223,0.0,0.0,2,0,-0.21,1,0.1111111111111111,0.8
9,4,1,71,2,10,5,0.8,55,0.2222222222222222,0.1111111111111111,1,5,0.8,0.8,0.08,0.5,0.2,0,90,0.008888888888888889,0.022222222222222223,0.0,0.0,2,0,-0.21,1,0.1111111111111111,0.8
10,12,0,79,2,20,9,4.0,60,0.3,0.0,2,9,4.0,3.2,0.2,0.45,0.15,1,90,0.044444444444444446,0.03333333333333333,0.011111111111111112,0.011111111111111112,5,0,-0.29,3,0.2222222222222222,4.0
10,12,0,79,2,20,9,4.0,60,0.3,0.0,2,9,4.0,3.2,0.2,0.45,0.15,1,90,0.044444444444444446,0.03333333333333333,0.011111111111111112,0.011111111111111112,5,0,-0.29,3,0.2222222222222222,4.0
10,12,0,79,2,20,9,4.0,60,0.3,0.0,2,9,4.0,3.2,0.2,0.45,0.15,1,90,0.044444444444444446,0.03333333333333333,0.011111111111111112,0.011111111111111112,5,0,-0.29,3,0.2222222222222222,4.0
10,12,0,79,2,20,9,4.0,60,0.3,0.0,2,9,4.0,3.2,0.2,0.45,0.15,1,90,0.044444444444444446,0.03333333333333333,0.011111111111111112,0.011111111111111112,5,0,-0.29,3,0.2222222222222222,4.0
10,12,0,79,2,20,9,4.0,60,0.3,0.0,2,9,4.0,3.2,0.2,0.45,0.15,1,90,0.044444444444444446,0.03333333333333333,0.011111111111111112,0.011111111111111112,5,0,-0.29,3,0.2222222222222222,4.0
10,12,0,79,2,20,9,4.0,60,0.3,0.0,2,9,4.0,3.2,0.2,0.45,0.15,1,90,0.044444444444444446,0.03333333333333333,0.011111111111111112,0.011111111111111112,5,0,-0.29,3,0.2222222222222222,4.0
10,12,0,79,2,20,9,4.0,60,0.3,0.0,2,9,4.0,3.2,0.2,0.45,0.15,1,90,0.044444444444444446,0.03333333333333333,0.011111111111111112,0.011111111111111112,5,0,-0.29,3,0.2222222222222222,4.0
10,12,0,79,2,20,9,4.0,60,0.3,0.0,2,9,4.0,3.2,0.2,0.45,0.15,1,90,0.044444444444444446,0.03333333333333333,0.011111111111111112,0.011111111111111112,5,0,-0.29,3,0.2222222222222222,4.0
10,12,0,79,2,20,9,4.0,60,0.3,0.0,2,9,4.0,3.2,0.2,0.45,0.15,1,90,0.044444444444444446,0.03333333333333333,0.011111111111111112,0.011111111111111112,5,0,-0.29,3,0.2222222222222222,4.0
10,12,0,79,2,20,9,4.0,60,0.3,0.0,2,9,4.0,3.2,0.2,0.45,0.15,1,90,0.044444444444444446,0.03333333333333333,0.011111111111111112,0.011111111111111112,5,0,-0.29,3,0.2222222222222222,4.0
11,2,1,85,2,21,8,1.9,65,0.5454545454545454,0.09090909090909091,0,8,1.9,1.9,0.09047619047619047,0.38095238095238093,0.2857142857142857,0,45,0.042222222222222223,0.13333333333333333,0.044444444444444446,0.0,8,0,-0.48,5,0.4666666666666667,1.9
11,2,1,85,2,21,8,1.9,65,0.5454545454545454,0.09090909090909091,0,8,1.9,1.9,0.09047619047619047,0.38095238095238093,0.2857142857142857,0,45,0.042222222222222223,0.13333333333333333,0.044444444444444446,0.0,8,0,-0.48,5,0.4666666666666667,1.9
11,2,1,85,2,21,8,1.9,65,0.5454545454545454,0.09090909090909091,0,8,1.9,1.9,0.09047619047619047,0.38095238095238093,0.2857142857142857,0,45,0.042222222222222223,0.13333333333333333,0.044444444444444446,0.0,8,0,-0.48,5,0.4666666666666667,1.9
12,6,0,93,0,14,9,2.9,55,0.3333333333333333,0.3333333333333333,2,9,2.9,2.1,0.20714285714285713,0.6428571428571429,0.2857142857142857,1,90,0.03222222222222222,0.044444444444444446,0.03333333333333333,0.011111111111111112,8,0,0.88,0,0.15555555555555556,2.9
12,6,0,93,0,14,9,2.9,55,0.3333333333333333,0.3333333333333333,2,9,2.9,2.1,0.20714285714285713,0.6428571428571429,0.2857142857142857,1,90,0.03222222222222222,0.044444444444444446,0.03333333333333333,0.011111111111111112,8,0,0.88,0,0.15555555555555556,2.9
12,6,0,93,0,14,9,2.9,55,0.3333333333333333,0.3333333333333333,2,9,2.9,2.1,0.20714285714285713,0.6428571428571429,0.2857142857142857,1,90,0.03222222222222222,0.044444444444444446,0.03333333333333333,0.011111111111111112,8,0,0.88,0,0.15555555555555556,2.9
12,6,0,93,0,14,9,2.9,55,0.3333333333333333,0.3333333333333333,2,9,2.9,2.1,0.20714285714285713,0.6428571428571429,0.2857142857142857,1,90,0.03222222222222222,0.044444444444444446,0.03333333333333333,0.011111111111111112,8,0,0.88,0,0.15555555555555556,2.9
12,6,0,93,0,14,9,2.9,55,0.3333333333333333,0.3333333333333333,2,9,2.9,2.1,0.20714285714285713,0.6428571428571429,0.2857142857142857,1,90,0.03222222222222222,0.044444444444444446,0.03333333333333333,0.011111111111111112,8,0,0.88,0,0.15555555555555556,2.9
12,6,0,93,0,14,9,2.9,55,0.3333333333333333,0.3333333333333333,2,9,2.9,2.1,0.20714285714285713,0.6428571428571429,0.2857142857142857,1,90,0.03222222222222222,0.044444444444444446,0.03333333333333333,0.011111111111111112,8,0,0.88,0,0.15555555555555556,2.9
12,6,0,93,0,14,9,2.9,55,0.3333333333333333,0.3333333333333333,2,9,2.9,2.1,0.20714285714285713,0.6428571428571429,0.2857142857142857,1,90,0.03222222222222222,0.044444444444444446,0.03333333333333333,0.011111111111111112,8,0,0.88,0,0.15555555555555556,2.9
12,6,0,93,0,14,9,2.9,55,0.3333333333333333,0.3333333333333333,2,9,2.9,2.1,0.20714285714285713,0.6428571428571429,0.2857142857142857,1,90,0.03222222222222222,0.044444444444444446,0.03333333333333333,0.011111111111111112,8,0,0.88,0,0.15555555555555556,2.9
13,10,1,106,0,16,5,1.3,59,0.07692307692307693,0.07692307692307693,1,5,1.3,1.3,0.08125,0.3125,0.0625,0,90,0.014444444444444446,0.011111111111111112,0.0,0.0,1,0,3.45,0,0.17777777777777778,1.3
13,10,1,106,0,16,5,1.3,59,0.07692307692307693,0.07692307692307693,1,5,1.3,1.3,0.08125,0.3125,0.0625,0,90,0.014444444444444446,0.011111111111111112,0.0,0.0,1,0,3.45,0,0.17777777777777778,1.3
13,10,1,106,0,16,5,1.3,59,0.07692307692307693,0.07692307692307693,1,5,1.3,1.3,0.08125,0.3125,0.0625,0,90,0.014444444444444446,0.011111111111111112,0.0,0.0,1,0,3.45,0,0.17777777777777778,1.3
13,10,1,106,0,16,5,1.3,59,0.07692307692307693,0.07692307692307693,1,5,1.3,1.3,0.08125,0.3125,0.0625,0,90,0.014444444444444446,0.011111111111111112,0.0,0.0,1,0,3.45,0,0.17777777777777778,1.3
13,10,1,106,0,16,5,1.3,59,0.07692307692307693,0.07692307692307693,1,5,1.3,1.3,0.08125,0.3125,0.0625,0,90,0.014444444444444446,0.011111111111111112,0.0,0.0,1,0,3.45,0,0.17777777777777778,1.3
14,16,1,114,0,17,4,2.6,55,0.14285714285714285,0.21428571428571427,0,4,2.6,2.6,0.15294117647058825,0.23529411764705882,0.11764705882352941,1,90,0.02888888888888889,0.022222222222222223,0.044444444444444446,0.022222222222222223,7,0,0.71,-1,0.18888888888888888,2.6
14,16,1,114,0,17,4,2.6,55,0.14285714285714285,0.21428571428571427,0,4,2.6,2.6,0.15294117647058825,0.23529411764705882,0.11764705882352941,1,90,0.02888888888888889,0.022222222222222223,0.044444444444444446,0.022222222222222223,7,0,0.71,-1,0.18888888888888888,2.6
14,16,1,114,0,17,4,2.6,55,0.14285714285714285,0.21428571428571427,0,4,2.6,2.6,0.15294117647058825,0.23529411764705882,0.11764705882352941,1,90,0.02888888888888889,0.022222222222222223,0.044444444444444446,0.022222222222222223,7,0,0.71,-1,0.18888888888888888,2.6
14,16,1,114,0,17,4,2.6,55,0.14285714285714285,0.21428571428571427,0,4,2.6,2.6,0.15294117647058825,0.23529411764705882,0.11764705882352941,1,90,0.02888888888888889,0.022222222222222223,0.044444444444444446,0.022222222222222223,7,0,0.71,-1,0.18888888888888888,2.6
14,16,1,114,0,17,4,2.6,55,0.14285714285714285,0.21428571428571427,0,4,2.6,2.6,0.15294117647058825,0.23529411764705882,0.11764705882352941,1,90,0.02888888888888889,0.022222222222222223,0.044444444444444446,0.022222222222222223,7,0,0.71,-1,0.18888888888888888,2.6
15,1,0,117,1,2,2,0.6,54,0.0,0.06666666666666667,0,2,0.6,0.6,0.3,1.0,0.0,0,90,0.006666666666666666,0.0,0.011111111111111112,0.0,1,0,0.57,-1,0.022222222222222223,0.6
15,1,0,117,1,2,2,0.6,54,0.0,0.06666666666666667,0,2,0.6,0.6,0.3,1.0,0.0,0,90,0.006666666666666666,0.0,0.011111111111111112,0.0,1,0,0.57,-1,0.022222222222222223,0.6
16,11,0,121,2,18,6,1.6,65,0.125,0.0625,0,6,1.6,1.6,0.08888888888888889,0.3333333333333333,0.1111111111111111,0,0,inf,inf,,,2,0,-0.9,1,inf,1.6
17,7,1,127,0,19,9,1.6,74,0.11764705882352941,0.11764705882352941,0,9,1.6,1.6,0.08421052631578947,0.47368421052631576,0.10526315789473684,0,0,inf,inf,,,2,0,-0.18,0,inf,1.6
19,8,0,138,2,22,8,2.4,72,0.15789473684210525,0.05263157894736842,0,8,2.4,1.8,0.10909090909090909,0.36363636363636365,0.13636363636363635,0,0,inf,inf,,,3,0,-0.1,2,inf,2.4
20,15,1,141,2,18,4,2.2,80,0.1,0.0,0,4,2.2,2.2,0.12222222222222223,0.2222222222222222,0.1111111111111111,0,0,inf,inf,,,2,0,-1.03,2,inf,2.2
21,13,0,155,2,27,11,3.0,72,0.14285714285714285,0.09523809523809523,0,11,3.0,3.0,0.1111111111111111,0.4074074074074074,0.1111111111111111,0,0,inf,inf,,,3,0,0.96,1,inf,3.0
22,5,1,173,2,14,4,1.7,74,0.13636363636363635,0.045454545454545456,0,4,1.7,1.7,0.12142857142857143,0.2857142857142857,0.21428571428571427,0,20,0.08499999999999999,0.15,0.05,0.0,4,0,-0.79,2,0.7,1.7
22,5,1,173,2,14,4,1.7,74,0.13636363636363635,0.045454545454545456,0,4,1.7,1.7,0.12142857142857143,0.2857142857142857,0.21428571428571427,0,20,0.08499999999999999,0.15,0.05,0.0,4,0,-0.79,2,0.7,1.7
23,3,0,178,2,25,15,2.1,72,0.13043478260869565,0.043478260869565216,0,15,2.1,2.1,0.084,0.6,0.12,1,85,0.024705882352941178,0.03529411764705882,0.023529411764705882,0.011764705882352941,6,0,-0.02,2,0.29411764705882354,2.1
23,3,0,178,2,25,15,2.1,72,0.13043478260869565,0.043478260869565216,0,15,2.1,2.1,0.084,0.6,0.12,1,85,0.024705882352941178,0.03529411764705882,0.023529411764705882,0.011764705882352941,6,0,-0.02,2,0.29411764705882354,2.1
23,3,0,178,2,25,15,2.1,72,0.13043478260869565,0.043478260869565216,0,15,2.1,2.1,0.084,0.6,0.12,1,85,0.024705882352941178,0.03529411764705882,0.023529411764705882,0.011764705882352941,6,0,-0.02,2,0.29411764705882354,2.1
24,8,1,183,2,19,3,1.6,72,0.08333333333333333,0.0,2,3,1.6,1.6,0.08421052631578947,0.15789473684210525,0.10526315789473684,0,90,0.017777777777777778,0.022222222222222223,0.03333333333333333,0.011111111111111112,5,0,-0.1,2,0.2111111111111111,1.6
24,8,1,183,2,19,3,1.6,72,0.08333333333333333,0.0,2,3,1.6,1.6,0.08421052631578947,0.15789473684210525,0.10526315789473684,0,90,0.017777777777777778,0.022222222222222223,0.03333333333333333,0.011111111111111112,5,0,-0.1,2,0.2111111111111111,1.6
24,8,1,183,2,19,3,1.6,72,0.08333333333333333,0.0,2,3,1.6,1.6,0.08421052631578947,0.15789473684210525,0.10526315789473684,0,90,0.017777777777777778,0.022222222222222223,0.03333333333333333,0.011111111111111112,5,0,-0.1,2,0.2111111111111111,1.6
24,8,1,183,2,19,3,1.6,72,0.08333333333333333,0.0,2,3,1.6,1.6,0.08421052631578947,0.15789473684210525,0.10526315789473684,0,90,0.017777777777777778,0.022222222222222223,0.03333333333333333,0.011111111111111112,5,0,-0.1,2,0.2111111111111111,1.6
24,8,1,183,2,19,3,1.6,72,0.08333333333333333,0.0,2,3,1.6,1.6,0.08421052631578947,0.15789473684210525,0.10526315789473684,0,90,0.017777777777777778,0.022222222222222223,0.03333333333333333,0.011111111111111112,5,0,-0.1,2,0.2111111111111111,1.6
24,8,1,183,2,19,3,1.6,72,0.08333333333333333,0.0,2,3,1.6,1.6,0.08421052631578947,0.15789473684210525,0.10526315789473684,0,90,0.017777777777777778,0.022222222222222223,0.03333333333333333,0.011111111111111112,5,0,-0.1,2,0.2111111111111111,1.6
24,8,1,183,2,19,3,1.6,72,0.08333333333333333,0.0,2,3,1.6,1.6,0.08421052631578947,0.15789473684210525,0.10526315789473684,0,90,0.017777777777777778,0.022222222222222223,0.03333333333333333,0.011111111111111112,5,0,-0.1,2,0.2111111111111111,1.6
24,8,1,183,2,19,3,1.6,72,0.08333333333333333,0.0,2,3,1.6,1.6,0.08421052631578947,0.15789473684210525,0.10526315789473684,0,90,0.017777777777777778,0.022222222222222223,0.03333333333333333,0.011111111111111112,5,0,-0.1,2,0.2111111111111111,1.6
25,6,1,190,0,31,5,2.6,70,0.04,0.04,0,5,2.6,2.6,0.08387096774193549,0.16129032258064516,0.03225806451612903,0,90,0.02888888888888889,0.011111111111111112,0.022222222222222223,0.0,3,0,0.88,0,0.34444444444444444,2.6
25,6,1,190,0,31,5,2.6,70,0.04,0.04,0,5,2.6,2.6,0.08387096774193549,0.16129032258064516,0.03225806451612903,0,90,0.02888888888888889,0.011111111111111112,0.022222222222222223,0.0,3,0,0.88,0,0.34444444444444444,2.6
25,6,1,190,0,31,5,2.6,70,0.04,0.04,0,5,2.6,2.6,0.08387096774193549,0.16129032258064516,0.03225806451612903,0,90,0.02888888888888889,0.011111111111111112,0.022222222222222223,0.0,3,0,0.88,0,0.34444444444444444,2.6
25,6,1,190,0,31,5,2.6,70,0.04,0.04,0,5,2.6,2.6,0.08387096774193549,0.16129032258064516,0.03225806451612903,0,90,0.02888888888888889,0.011111111111111112,0.022222222222222223,0.0,3,0,0.88,0,0.34444444444444444,2.6
25,6,1,190,0,31,5,2.6,70,0.04,0.04,0,5,2.6,2.6,0.08387096774193549,0.16129032258064516,0.03225806451612903,0,90,0.02888888888888889,0.011111111111111112,0.022222222222222223,0.0,3,0,0.88,0,0.34444444444444444,2.6
25,6,1,190,0,31,5,2.6,70,0.04,0.04,0,5,2.6,2.6,0.08387096774193549,0.16129032258064516,0.03225806451612903,0,90,0.02888888888888889,0.011111111111111112,0.022222222222222223,0.0,3,0,0.88,0,0.34444444444444444,2.6
25,6,1,190,0,31,5,2.6,70,0.04,0.04,0,5,2.6,2.6,0.08387096774193549,0.16129032258064516,0.03225806451612903,0,90,0.02888888888888889,0.011111111111111112,0.022222222222222223,0.0,3,0,0.88,0,0.34444444444444444,2.6
25,6,1,190,0,31,5,2.6,70,0.04,0.04,0,5,2.6,2.6,0.08387096774193549,0.16129032258064516,0.03225806451612903,0,90,0.02888888888888889,0.011111111111111112,0.022222222222222223,0.0,3,0,0.88,0,0.34444444444444444,2.6
25,6,1,190,0,31,5,2.6,70,0.04,0.04,0,5,2.6,2.6,0.08387096774193549,0.16129032258064516,0.03225806451612903,0,90,0.02888888888888889,0.011111111111111112,0.022222222222222223,0.0,3,0,0.88,0,0.34444444444444444,2.6
25,6,1,190,0,31,5,2.6,70,0.04,0.04,0,5,2.6,2.6,0.08387096774193549,0.16129032258064516,0.03225806451612903,0,90,0.02888888888888889,0.011111111111111112,0.022222222222222223,0.0,3,0,0.88,0,0.34444444444444444,2.6
18,3,1,193,2,25,10,2.3,70,0.05555555555555555,0.0,1,10,2.3,2.3,0.092,0.4,0.04,0,90,0.025555555555555554,0.011111111111111112,0.011111111111111112,0.0,2,0,-0.02,1,0.2777777777777778,2.3
18,3,1,193,2,25,10,2.3,70,0.05555555555555555,0.0,1,10,2.3,2.3,0.092,0.4,0.04,0,90,0.025555555555555554,0.011111111111111112,0.011111111111111112,0.0,2,0,-0.02,1,0.2777777777777778,2.3
18,3,1,193,2,25,10,2.3,70,0.05555555555555555,0.0,1,10,2.3,2.3,0.092,0.4,0.04,0,90,0.025555555555555554,0.011111111111111112,0.011111111111111112,0.0,2,0,-0.02,1,0.2777777777777778,2.3
18,3,1,193,2,25,10,2.3,70,0.05555555555555555,0.0,1,10,2.3,2.3,0.092,0.4,0.04,0,90,0.025555555555555554,0.011111111111111112,0.011111111111111112,0.0,2,0,-0.02,1,0.2777777777777778,2.3
18,3,1,193,2,25,10,2.3,70,0.05555555555555555,0.0,1,10,2.3,2.3,0.092,0.4,0.04,0,90,0.025555555555555554,0.011111111111111112,0.011111111111111112,0.0,2,0,-0.02,1,0.2777777777777778,2.3
18,3,1,193,2,25,10,2.3,70,0.05555555555555555,0.0,1,10,2.3,2.3,0.092,0.4,0.04,0,90,0.025555555555555554,0.011111111111111112,0.011111111111111112,0.0,2,0,-0.02,1,0.2777777777777778,2.3
26,2,0,197,2,15,6,1.6,62,0.038461538461538464,0.0,0,6,1.6,1.6,0.10666666666666667,0.4,0.06666666666666667,0,74,0.021621621621621623,0.013513513513513514,0.04054054054054054,0.013513513513513514,4,0,-0.48,1,0.20270270270270271,1.6
26,2,0,197,2,15,6,1.6,62,0.038461538461538464,0.0,0,6,1.6,1.6,0.10666666666666667,0.4,0.06666666666666667,0,74,0.021621621621621623,0.013513513513513514,0.04054054054054054,0.013513513513513514,4,0,-0.48,1,0.20270270270270271,1.6
26,2,0,197,2,15,6,1.6,62,0.038461538461538464,0.0,0,6,1.6,1.6,0.10666666666666667,0.4,0.06666666666666667,0,74,0.021621621621621623,0.013513513513513514,0.04054054054054054,0.013513513513513514,4,0,-0.48,1,0.20270270270270271,1.6
26,2,0,197,2,15,6,1.6,62,0.038461538461538464,0.0,0,6,1.6,1.6,0.10666666666666667,0.4,0.06666666666666667,0,74,0.021621621621621623,0.013513513513513514,0.04054054054054054,0.013513513513513514,4,0,-0.48,1,0.20270270270270271,1.6
27,12,1,205,2,27,8,3.3,73,0.1111111111111111,0.037037037037037035,1,8,3.3,3.3,0.12222222222222222,0.2962962962962963,0.1111111111111111,0,90,0.03666666666666667,0.03333333333333333,0.022222222222222223,0.0,5,0,-0.29,2,0.3,3.3
27,12,1,205,2,27,8,3.3,73,0.1111111111111111,0.037037037037037035,1,8,3.3,3.3,0.12222222222222222,0.2962962962962963,0.1111111111111111,0,90,0.03666666666666667,0.03333333333333333,0.022222222222222223,0.0,5,0,-0.29,2,0.3,3.3
27,12,1,205,2,27,8,3.3,73,0.1111111111111111,0.037037037037037035,1,8,3.3,3.3,0.12222222222222222,0.2962962962962963,0.1111111111111111,0,90,0.03666666666666667,0.03333333333333333,0.022222222222222223,0.0,5,0,-0.29,2,0.3,3.3
27,12,1,205,2,27,8,3.3,73,0.1111111111111111,0.037037037037037035,1,8,3.3,3.3,0.12222222222222222,0.2962962962962963,0.1111111111111111,0,90,0.03666666666666667,0.03333333333333333,0.022222222222222223,0.0,5,0,-0.29,2,0.3,3.3
28,10,0,212,0,10,6,1.6,47,0.03571428571428571,0.03571428571428571,0,6,1.6,1.6,0.16,0.6,0.1,0,90,0.017777777777777778,0.011111111111111112,0.044444444444444446,0.0,5,0,3.45,0,0.1111111111111111,1.6
30,0,1,233,0,12,1,1.0,72,0.0,0.0,0,1,1.0,1.0,0.08333333333333333,0.08333333333333333,0.0,0,90,0.011111111111111112,0.0,0.011111111111111112,0.0,1,0,4.07,0,0.13333333333333333,1.0
30,0,1,233,0,12,1,1.0,72,0.0,0.0,0,1,1.0,1.0,0.08333333333333333,0.08333333333333333,0.0,0,90,0.011111111111111112,0.0,0.011111111111111112,0.0,1,0,4.07,0,0.13333333333333333,1.0
30,0,1,233,0,12,1,1.0,72,0.0,0.0,0,1,1.0,1.0,0.08333333333333333,0.08333333333333333,0.0,0,90,0.011111111111111112,0.0,0.011111111111111112,0.0,1,0,4.07,0,0.13333333333333333,1.0
30,0,1,233,0,12,1,1.0,72,0.0,0.0,0,1,1.0,1.0,0.08333333333333333,0.08333333333333333,0.0,0,90,0.011111111111111112,0.0,0.011111111111111112,0.0,1,0,4.07,0,0.13333333333333333,1.0
31,1,1,236,2,25,11,3.4,67,0.12903225806451613,0.03225806451612903,0,11,3.4,3.4,0.136,0.44,0.16,0,0,inf,inf,,,4,0,0.57,3,inf,3.4
32,7,0,239,2,18,8,1.9,75,0.125,0.0625,1,8,1.9,1.9,0.10555555555555556,0.4444444444444444,0.2222222222222222,0,90,0.021111111111111112,0.044444444444444446,0.022222222222222223,0.0,6,0,-0.18,2,0.2,1.9
32,7,0,239,2,18,8,1.9,75,0.125,0.0625,1,8,1.9,1.9,0.10555555555555556,0.4444444444444444,0.2222222222222222,0,90,0.021111111111111112,0.044444444444444446,0.022222222222222223,0.0,6,0,-0.18,2,0.2,1.9
33,11,1,246,2,36,12,4.2,73,0.12121212121212122,0.030303030303030304,1,12,4.2,3.4,0.11666666666666667,0.3333333333333333,0.1111111111111111,0,80,0.052500000000000005,0.05,0.0375,0.0,7,0,-0.9,3,0.45,4.2
33,11,1,246,2,36,12,4.2,73,0.12121212121212122,0.030303030303030304,1,12,4.2,3.4,0.11666666666666667,0.3333333333333333,0.1111111111111111,0,80,0.052500000000000005,0.05,0.0375,0.0,7,0,-0.9,3,0.45,4.2
33,11,1,246,2,36,12,4.2,73,0.12121212121212122,0.030303030303030304,1,12,4.2,3.4,0.11666666666666667,0.3333333333333333,0.1111111111111111,0,80,0.052500000000000005,0.05,0.0375,0.0,7,0,-0.9,3,0.45,4.2
33,11,1,246,2,36,12,4.2,73,0.12121212121212122,0.030303030303030304,1,12,4.2,3.4,0.11666666666666667,0.3333333333333333,0.1111111111111111,0,80,0.052500000000000005,0.05,0.0375,0.0,7,0,-0.9,3,0.45,4.2
33,11,1,246,2,36,12,4.2,73,0.12121212121212122,0.030303030303030304,1,12,4.2,3.4,0.11666666666666667,0.3333333333333333,0.1111111111111111,0,80,0.052500000000000005,0.05,0.0375,0.0,7,0,-0.9,3,0.45,4.2
29,4,0,258,2,14,6,1.4,64,0.13793103448275862,0.0,0,6,1.4,1.4,0.09999999999999999,0.42857142857142855,0.2857142857142857,0,0,inf,inf,,,4,0,-0.21,4,inf,1.4
35,14,0,261,2,11,5,0.9,66,0.05714285714285714,0.0,1,5,0.9,0.9,0.08181818181818182,0.45454545454545453,0.18181818181818182,0,29,0.03103448275862069,0.06896551724137931,0.06896551724137931,0.0,4,0,-0.44,2,0.3793103448275862,0.9
35,14,0,261,2,11,5,0.9,66,0.05714285714285714,0.0,1,5,0.9,0.9,0.08181818181818182,0.45454545454545453,0.18181818181818182,0,29,0.03103448275862069,0.06896551724137931,0.06896551724137931,0.0,4,0,-0.44,2,0.3793103448275862,0.9
36,18,1,267,2,18,10,3.7,58,0.1388888888888889,0.027777777777777776,4,10,3.7,2.1,0.20555555555555557,0.5555555555555556,0.2777777777777778,0,81,0.04567901234567901,0.06172839506172839,0.012345679012345678,0.012345679012345678,6,0,-0.54,4,0.2222222222222222,3.7
36,18,1,267,2,18,10,3.7,58,0.1388888888888889,0.027777777777777776,4,10,3.7,2.1,0.20555555555555557,0.5555555555555556,0.2777777777777778,0,81,0.04567901234567901,0.06172839506172839,0.012345679012345678,0.012345679012345678,6,0,-0.54,4,0.2222222222222222,3.7
36,18,1,267,2,18,10,3.7,58,0.1388888888888889,0.027777777777777776,4,10,3.7,2.1,0.20555555555555557,0.5555555555555556,0.2777777777777778,0,81,0.04567901234567901,0.06172839506172839,0.012345679012345678,0.012345679012345678,6,0,-0.54,4,0.2222222222222222,3.7
36,18,1,267,2,18,10,3.7,58,0.1388888888888889,0.027777777777777776,4,10,3.7,2.1,0.20555555555555557,0.5555555555555556,0.2777777777777778,0,81,0.04567901234567901,0.06172839506172839,0.012345679012345678,0.012345679012345678,6,0,-0.54,4,0.2222222222222222,3.7
36,18,1,267,2,18,10,3.7,58,0.1388888888888889,0.027777777777777776,4,10,3.7,2.1,0.20555555555555557,0.5555555555555556,0.2777777777777778,0,81,0.04567901234567901,0.06172839506172839,0.012345679012345678,0.012345679012345678,6,0,-0.54,4,0.2222222222222222,3.7
36,18,1,267,2,18,10,3.7,58,0.1388888888888889,0.027777777777777776,4,10,3.7,2.1,0.20555555555555557,0.5555555555555556,0.2777777777777778,0,81,0.04567901234567901,0.06172839506172839,0.012345679012345678,0.012345679012345678,6,0,-0.54,4,0.2222222222222222,3.7
36,18,1,267,2,18,10,3.7,58,0.1388888888888889,0.027777777777777776,4,10,3.7,2.1,0.20555555555555557,0.5555555555555556,0.2777777777777778,0,81,0.04567901234567901,0.06172839506172839,0.012345679012345678,0.012345679012345678,6,0,-0.54,4,0.2222222222222222,3.7
36,18,1,267,2,18,10,3.7,58,0.1388888888888889,0.027777777777777776,4,10,3.7,2.1,0.20555555555555557,0.5555555555555556,0.2777777777777778,0,81,0.04567901234567901,0.06172839506172839,0.012345679012345678,0.012345679012345678,6,0,-0.54,4,0.2222222222222222,3.7
36,18,1,267,2,18,10,3.7,58,0.1388888888888889,0.027777777777777776,4,10,3.7,2.1,0.20555555555555557,0.5555555555555556,0.2777777777777778,0,81,0.04567901234567901,0.06172839506172839,0.012345679012345678,0.012345679012345678,6,0,-0.54,4,0.2222222222222222,3.7
36,18,1,267,2,18,10,3.7,58,0.1388888888888889,0.027777777777777776,4,10,3.7,2.1,0.20555555555555557,0.5555555555555556,0.2777777777777778,0,81,0.04567901234567901,0.06172839506172839,0.012345679012345678,0.012345679012345678,6,0,-0.54,4,0.2222222222222222,3.7
36,18,1,267,2,18,10,3.7,58,0.1388888888888889,0.027777777777777776,4,10,3.7,2.1,0.20555555555555557,0.5555555555555556,0.2777777777777778,0,81,0.04567901234567901,0.06172839506172839,0.012345679012345678,0.012345679012345678,6,0,-0.54,4,0.2222222222222222,3.7
36,18,1,267,2,18,10,3.7,58,0.1388888888888889,0.027777777777777776,4,10,3.7,2.1,0.20555555555555557,0.5555555555555556,0.2777777777777778,0,81,0.04567901234567901,0.06172839506172839,0.012345679012345678,0.012345679012345678,6,0,-0.54,4,0.2222222222222222,3.7
36,18,1,267,2,18,10,3.7,58,0.1388888888888889,0.027777777777777776,4,10,3.7,2.1,0.20555555555555557,0.5555555555555556,0.2777777777777778,0,81,0.04567901234567901,0.06172839506172839,0.012345679012345678,0.012345679012345678,6,0,-0.54,4,0.2222222222222222,3.7
36,18,1,267,2,18,10,3.7,58,0.1388888888888889,0.027777777777777776,4,10,3.7,2.1,0.20555555555555557,0.5555555555555556,0.2777777777777778,0,81,0.04567901234567901,0.06172839506172839,0.012345679012345678,0.012345679012345678,6,0,-0.54,4,0.2222222222222222,3.7
36,18,1,267,2,18,10,3.7,58,0.1388888888888889,0.027777777777777776,4,10,3.7,2.1,0.20555555555555557,0.5555555555555556,0.2777777777777778,0,81,0.04567901234567901,0.06172839506172839,0.012345679012345678,0.012345679012345678,6,0,-0.54,4,0.2222222222222222,3.7
36,18,1,267,2,18,10,3.7,58,0.1388888888888889,0.027777777777777776,4,10,3.7,2.1,0.20555555555555557,0.5555555555555556,0.2777777777777778,0,81,0.04567901234567901,0.06172839506172839,0.012345679012345678,0.012345679012345678,6,0,-0.54,4,0.2222222222222222,3.7
36,18,1,267,2,18,10,3.7,58,0.1388888888888889,0.027777777777777776,4,10,3.7,2.1,0.20555555555555557,0.5555555555555556,0.2777777777777778,0,81,0.04567901234567901,0.06172839506172839,0.012345679012345678,0.012345679012345678,6,0,-0.54,4,0.2222222222222222,3.7
36,18,1,267,2,18,10,3.7,58,0.1388888888888889,0.027777777777777776,4,10,3.7,2.1,0.20555555555555557,0.5555555555555556,0.2777777777777778,0,81,0.04567901234567901,0.06172839506172839,0.012345679012345678,0.012345679012345678,6,0,-0.54,4,0.2222222222222222,3.7
36,18,1,267,2,18,10,3.7,58,0.1388888888888889,0.027777777777777776,4,10,3.7,2.1,0.20555555555555557,0.5555555555555556,0.2777777777777778,0,81,0.04567901234567901,0.06172839506172839,0.012345679012345678,0.012345679012345678,6,0,-0.54,4,0.2222222222222222,3.7
36,18,1,267,2,18,10,3.7,58,0.1388888888888889,0.027777777777777776,4,10,3.7,2.1,0.20555555555555557,0.5555555555555556,0.2777777777777778,0,81,0.04567901234567901,0.06172839506172839,0.012345679012345678,0.012345679012345678,6,0,-0.54,4,0.2222222222222222,3.7
36,18,1,267,2,18,10,3.7,58,0.1388888888888889,0.027777777777777776,4,10,3.7,2.1,0.20555555555555557,0.5555555555555556,0.2777777777777778,0,81,0.04567901234567901,0.06172839506172839,0.012345679012345678,0.012345679012345678,6,0,-0.54,4,0.2222222222222222,3.7
36,18,1,267,2,18,10,3.7,58,0.1388888888888889,0.027777777777777776,4,10,3.7,2.1,0.20555555555555557,0.5555555555555556,0.2777777777777778,0,81,0.04567901234567901,0.06172839506172839,0.012345679012345678,0.012345679012345678,6,0,-0.54,4,0.2222222222222222,3.7
36,18,1,267,2,18,10,3.7,58,0.1388888888888889,0.027777777777777776,4,10,3.7,2.1,0.20555555555555557,0.5555555555555556,0.2777777777777778,0,81,0.04567901234567901,0.06172839506172839,0.012345679012345678,0.012345679012345678,6,0,-0.54,4,0.2222222222222222,3.7
36,18,1,267,2,18,10,3.7,58,0.1388888888888889,0.027777777777777776,4,10,3.7,2.1,0.20555555555555557,0.5555555555555556,0.2777777777777778,0,81,0.04567901234567901,0.06172839506172839,0.012345679012345678,0.012345679012345678,6,0,-0.54,4,0.2222222222222222,3.7
36,18,1,267,2,18,10,3.7,58,0.1388888888888889,0.027777777777777776,4,10,3.7,2.1,0.20555555555555557,0.5555555555555556,0.2777777777777778,0,81,0.04567901234567901,0.06172839506172839,0.012345679012345678,0.012345679012345678,6,0,-0.54,4,0.2222222222222222,3.7
36,18,1,267,2,18,10,3.7,58,0.1388888888888889,0.027777777777777776,4,10,3.7,2.1,0.20555555555555557,0.5555555555555556,0.2777777777777778,0,81,0.04567901234567901,0.06172839506172839,0.012345679012345678,0.012345679012345678,6,0,-0.54,4,0.2222222222222222,3.7
36,18,1,267,2,18,10,3.7,58,0.1388888888888889,0.027777777777777776,4,10,3.7,2.1,0.20555555555555557,0.5555555555555556,0.2777777777777778,0,81,0.04567901234567901,0.06172839506172839,0.012345679012345678,0.012345679012345678,6,0,-0.54,4,0.2222222222222222,3.7
36,18,1,267,2,18,10,3.7,58,0.1388888888888889,0.027777777777777776,4,10,3.7,2.1,0.20555555555555557,0.5555555555555556,0.2777777777777778,0,81,0.04567901234567901,0.06172839506172839,0.012345679012345678,0.012345679012345678,6,0,-0.54,4,0.2222222222222222,3.7
36,18,1,267,2,18,10,3.7,58,0.1388888888888889,0.027777777777777776,4,10,3.7,2.1,0.20555555555555557,0.5555555555555556,0.2777777777777778,0,81,0.04567901234567901,0.06172839506172839,0.012345679012345678,0.012345679012345678,6,0,-0.54,4,0.2222222222222222,3.7
36,18,1,267,2,18,10,3.7,58,0.1388888888888889,0.027777777777777776,4,10,3.7,2.1,0.20555555555555557,0.5555555555555556,0.2777777777777778,0,81,0.04567901234567901,0.06172839506172839,0.012345679012345678,0.012345679012345678,6,0,-0.54,4,0.2222222222222222,3.7
36,18,1,267,2,18,10,3.7,58,0.1388888888888889,0.027777777777777776,4,10,3.7,2.1,0.20555555555555557,0.5555555555555556,0.2777777777777778,0,81,0.04567901234567901,0.06172839506172839,0.012345679012345678,0.012345679012345678,6,0,-0.54,4,0.2222222222222222,3.7
36,18,1,267,2,18,10,3.7,58,0.1388888888888889,0.027777777777777776,4,10,3.7,2.1,0.20555555555555557,0.5555555555555556,0.2777777777777778,0,81,0.04567901234567901,0.06172839506172839,0.012345679012345678,0.012345679012345678,6,0,-0.54,4,0.2222222222222222,3.7
37,9,0,274,2,15,8,3.2,64,0.10810810810810811,0.0,0,8,3.2,2.4,0.21333333333333335,0.5333333333333333,0.26666666666666666,0,81,0.03950617283950617,0.04938271604938271,0.024691358024691357,0.0,6,0,-0.4,4,0.18518518518518517,3.2
37,9,0,274,2,15,8,3.2,64,0.10810810810810811,0.0,0,8,3.2,2.4,0.21333333333333335,0.5333333333333333,0.26666666666666666,0,81,0.03950617283950617,0.04938271604938271,0.024691358024691357,0.0,6,0,-0.4,4,0.18518518518518517,3.2
37,9,0,274,2,15,8,3.2,64,0.10810810810810811,0.0,0,8,3.2,2.4,0.21333333333333335,0.5333333333333333,0.26666666666666666,0,81,0.03950617283950617,0.04938271604938271,0.024691358024691357,0.0,6,0,-0.4,4,0.18518518518518517,3.2
34,16,0,277,2,7,4,2.4,47,0.058823529411764705,0.0,2,4,2.4,1.6,0.34285714285714286,0.5714285714285714,0.2857142857142857,0,89,0.02696629213483146,0.02247191011235955,0.0,0.0,2,0,0.71,2,0.07865168539325842,2.4
34,16,0,277,2,7,4,2.4,47,0.058823529411764705,0.0,2,4,2.4,1.6,0.34285714285714286,0.5714285714285714,0.2857142857142857,0,89,0.02696629213483146,0.02247191011235955,0.0,0.0,2,0,0.71,2,0.07865168539325842,2.4
34,16,0,277,2,7,4,2.4,47,0.058823529411764705,0.0,2,4,2.4,1.6,0.34285714285714286,0.5714285714285714,0.2857142857142857,0,89,0.02696629213483146,0.02247191011235955,0.0,0.0,2,0,0.71,2,0.07865168539325842,2.4
34,16,0,277,2,7,4,2.4,47,0.058823529411764705,0.0,2,4,2.4,1.6,0.34285714285714286,0.5714285714285714,0.2857142857142857,0,89,0.02696629213483146,0.02247191011235955,0.0,0.0,2,0,0.71,2,0.07865168539325842,2.4
38,17,1,282,2,28,12,1.9,71,0.07894736842105263,0.02631578947368421,0,12,1.9,1.9,0.06785714285714285,0.42857142857142855,0.10714285714285714,0,90,0.021111111111111112,0.03333333333333333,0.03333333333333333,0.011111111111111112,6,0,-0.51,2,0.3111111111111111,1.9
38,17,1,282,2,28,12,1.9,71,0.07894736842105263,0.02631578947368421,0,12,1.9,1.9,0.06785714285714285,0.42857142857142855,0.10714285714285714,0,90,0.021111111111111112,0.03333333333333333,0.03333333333333333,0.011111111111111112,6,0,-0.51,2,0.3111111111111111,1.9
38,17,1,282,2,28,12,1.9,71,0.07894736842105263,0.02631578947368421,0,12,1.9,1.9,0.06785714285714285,0.42857142857142855,0.10714285714285714,0,90,0.021111111111111112,0.03333333333333333,0.03333333333333333,0.011111111111111112,6,0,-0.51,2,0.3111111111111111,1.9
38,17,1,282,2,28,12,1.9,71,0.07894736842105263,0.02631578947368421,0,12,1.9,1.9,0.06785714285714285,0.42857142857142855,0.10714285714285714,0,90,0.021111111111111112,0.03333333333333333,0.03333333333333333,0.011111111111111112,6,0,-0.51,2,0.3111111111111111,1.9
