round,expected goals,venue_xg,opponent_xg,goals,shots,touches,ast,passcmp,passcmp%,min,poss,gca,sca,gls,sh,rolling_expected goals,cumulative_expected goals,rolling_goals,cumulative_goals,rolling_shots,cumulative_shots,rolling_touches,cumulative_touches,rolling_poss,cumulative_poss,rolling_gca,cumulative_gca,rolling_sca,cumulative_sca,rolling_haaland_gls,cumulative_haaland_gls,rolling_haaland_ast,cumulative_haaland_ast,rolling_haaland_sh,cumulative_haaland_sh,rolling_haaland_min,cumulative_haaland_min,rolling_haaland_touches,cumulative_haaland_touches,rolling_haaland_poss,cumulative_haaland_poss,rolling_haaland_gca,cumulative_haaland_gca,rolling_haaland_sca,cumulative_haaland_sca,haaland_performance_rating,rolling_haaland_rating,cumulative_haaland_rating,defenders,midfielders,forwards,defenders_opp,midfielders_opp,forwards_opp,opponent_strength,opponent_haaland,venue_haaland,days_since_first_match,result,total_shots_team,total_sot_team,total_xg_team,total_possession,goals_per_match_team,goals_conceded_per_match_team,goals_scored_haaland,sot_haaland,expected_goals_haaland,non_penalty_xg_haaland,xg_per_shot_haaland,shot_accuracy_haaland,goals_per_shot_haaland,assists_haaland,minutes_played_haaland,xg_per_minute_haaland,goals_per_minute_haaland,sca_per_minute_haaland,gca_per_minute_haaland,match_impact_haaland,home_away,match_event_influence,match_tempo
1,1.9,Away,Burnley,24,136,144,0,72,81.8,79.0,65.0,0.0,3.0,16,32,1.9,1.9,24.0,24.0,136.0,136.0,144.0,144.0,65.0,65.0,0.0,0.0,3.0,3.0,16.0,16.0,0.0,0.0,32.0,32.0,79.0,79.0,144.0,144.0,65.0,65.0,0.0,0.0,3.0,3.0,0.8341772151898735,0.8341772151898735,0.8341772151898735,4,5,1,5,4,1,-0.79,5.0,0.0,0.0,2.0,17.0,8.0,1.9,65.0,3.0,0.0,2.0,8.0,1.9,1.9,0.1117647058823529,0.4705882352941176,0.1764705882352941,0.0,79.0,0.0240506329113924,0.0379746835443038,0.0379746835443038,0.0,6.0,0.0,3.0,0.2151898734177215
1,1.9,Away,Burnley,24,136,144,0,72,81.8,79.0,65.0,0.0,3.0,16,32,1.9,1.9,24.0,24.0,136.0,136.0,144.0,144.0,65.0,65.0,0.0,0.0,3.0,3.0,16.0,16.0,0.0,0.0,32.0,32.0,79.0,79.0,144.0,144.0,65.0,65.0,0.0,0.0,3.0,3.0,0.8341772151898735,0.8341772151898735,0.8341772151898735,4,5,1,5,4,1,-0.79,5.0,0.0,0.0,2.0,17.0,8.0,1.9,65.0,3.0,0.0,2.0,8.0,1.9,1.9,0.1117647058823529,0.4705882352941176,0.1764705882352941,0.0,79.0,0.0240506329113924,0.0379746835443038,0.0379746835443038,0.0,6.0,0.0,3.0,0.2151898734177215
1,1.9,Away,Burnley,24,136,144,0,72,81.8,79.0,65.0,0.0,3.0,16,32,1.9,1.9,24.0,24.0,136.0,136.0,144.0,144.0,65.0,65.0,0.0,0.0,3.0,3.0,16.0,16.0,0.0,0.0,32.0,32.0,79.0,79.0,144.0,144.0,65.0,65.0,0.0,0.0,3.0,3.0,0.8341772151898735,0.8341772151898735,0.8341772151898735,4,5,1,5,4,1,-0.79,5.0,0.0,0.0,2.0,17.0,8.0,1.9,65.0,3.0,0.0,2.0,8.0,1.9,1.9,0.1117647058823529,0.4705882352941176,0.1764705882352941,0.0,79.0,0.0240506329113924,0.0379746835443038,0.0379746835443038,0.0,6.0,0.0,3.0,0.2151898734177215
1,1.9,Away,Burnley,24,136,144,0,72,81.8,79.0,65.0,0.0,3.0,16,32,1.9,1.9,24.0,24.0,136.0,136.0,144.0,144.0,65.0,65.0,0.0,0.0,3.0,3.0,16.0,16.0,0.0,0.0,32.0,32.0,79.0,79.0,144.0,144.0,65.0,65.0,0.0,0.0,3.0,3.0,0.8341772151898735,0.8341772151898735,0.8341772151898735,4,5,1,5,4,1,-0.79,5.0,0.0,0.0,2.0,17.0,8.0,1.9,65.0,3.0,0.0,2.0,8.0,1.9,1.9,0.1117647058823529,0.4705882352941176,0.1764705882352941,0.0,79.0,0.0240506329113924,0.0379746835443038,0.0379746835443038,0.0,6.0,0.0,3.0,0.2151898734177215
1,1.9,Away,Burnley,24,136,144,0,72,81.8,79.0,65.0,0.0,3.0,16,32,1.9,1.9,24.0,24.0,136.0,136.0,144.0,144.0,65.0,65.0,0.0,0.0,3.0,3.0,16.0,16.0,0.0,0.0,32.0,32.0,79.0,79.0,144.0,144.0,65.0,65.0,0.0,0.0,3.0,3.0,0.8341772151898735,0.8341772151898735,0.8341772151898735,4,5,1,5,4,1,-0.79,5.0,0.0,0.0,2.0,17.0,8.0,1.9,65.0,3.0,0.0,2.0,8.0,1.9,1.9,0.1117647058823529,0.4705882352941176,0.1764705882352941,0.0,79.0,0.0240506329113924,0.0379746835443038,0.0379746835443038,0.0,6.0,0.0,3.0,0.2151898734177215
1,1.9,Away,Burnley,24,136,144,0,72,81.8,79.0,65.0,0.0,3.0,16,32,1.9,1.9,24.0,24.0,136.0,136.0,144.0,144.0,65.0,65.0,0.0,0.0,3.0,3.0,16.0,16.0,0.0,0.0,32.0,32.0,79.0,79.0,144.0,144.0,65.0,65.0,0.0,0.0,3.0,3.0,0.8341772151898735,0.8341772151898735,0.8341772151898735,4,5,1,5,4,1,-0.79,5.0,0.0,0.0,2.0,17.0,8.0,1.9,65.0,3.0,0.0,2.0,8.0,1.9,1.9,0.1117647058823529,0.4705882352941176,0.1764705882352941,0.0,79.0,0.0240506329113924,0.0379746835443038,0.0379746835443038,0.0,6.0,0.0,3.0,0.2151898734177215
1,1.9,Away,Burnley,24,136,144,0,72,81.8,79.0,65.0,0.0,3.0,16,32,1.9,1.9,24.0,24.0,136.0,136.0,144.0,144.0,65.0,65.0,0.0,0.0,3.0,3.0,16.0,16.0,0.0,0.0,32.0,32.0,79.0,79.0,144.0,144.0,65.0,65.0,0.0,0.0,3.0,3.0,0.8341772151898735,0.8341772151898735,0.8341772151898735,4,5,1,5,4,1,-0.79,5.0,0.0,0.0,2.0,17.0,8.0,1.9,65.0,3.0,0.0,2.0,8.0,1.9,1.9,0.1117647058823529,0.4705882352941176,0.1764705882352941,0.0,79.0,0.0240506329113924,0.0379746835443038,0.0379746835443038,0.0,6.0,0.0,3.0,0.2151898734177215
1,1.9,Away,Burnley,24,136,144,0,72,81.8,79.0,65.0,0.0,3.0,16,32,1.9,1.9,24.0,24.0,136.0,136.0,144.0,144.0,65.0,65.0,0.0,0.0,3.0,3.0,16.0,16.0,0.0,0.0,32.0,32.0,79.0,79.0,144.0,144.0,65.0,65.0,0.0,0.0,3.0,3.0,0.8341772151898735,0.8341772151898735,0.8341772151898735,4,5,1,5,4,1,-0.79,5.0,0.0,0.0,2.0,17.0,8.0,1.9,65.0,3.0,0.0,2.0,8.0,1.9,1.9,0.1117647058823529,0.4705882352941176,0.1764705882352941,0.0,79.0,0.0240506329113924,0.0379746835443038,0.0379746835443038,0.0,6.0,0.0,3.0,0.2151898734177215
2,1.0,Home,Newcastle Utd,4,56,88,0,24,54.5,90.0,59.0,0.0,2.0,0,16,1.45,1.45,14.0,14.0,96.0,96.0,116.0,116.0,62.0,62.0,0.0,0.0,2.5,2.5,8.0,8.0,0.0,0.0,24.0,24.0,84.5,84.5,116.0,116.0,62.0,62.0,0.0,0.0,2.5,2.5,0.0111111111111111,0.4226441631504923,0.4226441631504923,4,5,1,4,3,3,0.96,13.0,1.0,8.0,2.0,14.0,4.0,1.0,59.0,0.5,0.0,0.0,4.0,1.0,1.0,0.0714285714285714,0.2857142857142857,0.0714285714285714,0.0,90.0,0.0111111111111111,0.0111111111111111,0.0222222222222222,0.0,3.0,0.0,1.0,0.1555555555555555
2,1.0,Home,Newcastle Utd,4,56,88,0,24,54.5,90.0,59.0,0.0,2.0,0,16,1.45,1.45,14.0,14.0,96.0,96.0,116.0,116.0,62.0,62.0,0.0,0.0,2.5,2.5,8.0,8.0,0.0,0.0,24.0,24.0,84.5,84.5,116.0,116.0,62.0,62.0,0.0,0.0,2.5,2.5,0.0111111111111111,0.4226441631504923,0.4226441631504923,4,5,1,4,3,3,0.96,13.0,1.0,8.0,2.0,14.0,4.0,1.0,59.0,0.5,0.0,0.0,4.0,1.0,1.0,0.0714285714285714,0.2857142857142857,0.0714285714285714,0.0,90.0,0.0111111111111111,0.0111111111111111,0.0222222222222222,0.0,3.0,0.0,1.0,0.1555555555555555
2,1.0,Home,Newcastle Utd,4,56,88,0,24,54.5,90.0,59.0,0.0,2.0,0,16,1.45,1.45,14.0,14.0,96.0,96.0,116.0,116.0,62.0,62.0,0.0,0.0,2.5,2.5,8.0,8.0,0.0,0.0,24.0,24.0,84.5,84.5,116.0,116.0,62.0,62.0,0.0,0.0,2.5,2.5,0.0111111111111111,0.4226441631504923,0.4226441631504923,4,5,1,4,3,3,0.96,13.0,1.0,8.0,2.0,14.0,4.0,1.0,59.0,0.5,0.0,0.0,4.0,1.0,1.0,0.0714285714285714,0.2857142857142857,0.0714285714285714,0.0,90.0,0.0111111111111111,0.0111111111111111,0.0222222222222222,0.0,3.0,0.0,1.0,0.1555555555555555
2,1.0,Home,Newcastle Utd,4,56,88,0,24,54.5,90.0,59.0,0.0,2.0,0,16,1.45,1.45,14.0,14.0,96.0,96.0,116.0,116.0,62.0,62.0,0.0,0.0,2.5,2.5,8.0,8.0,0.0,0.0,24.0,24.0,84.5,84.5,116.0,116.0,62.0,62.0,0.0,0.0,2.5,2.5,0.0111111111111111,0.4226441631504923,0.4226441631504923,4,5,1,4,3,3,0.96,13.0,1.0,8.0,2.0,14.0,4.0,1.0,59.0,0.5,0.0,0.0,4.0,1.0,1.0,0.0714285714285714,0.2857142857142857,0.0714285714285714,0.0,90.0,0.0111111111111111,0.0111111111111111,0.0222222222222222,0.0,3.0,0.0,1.0,0.1555555555555555
3,3.5,Away,Sheffield Utd,16,232,184,0,48,54.5,90.0,79.0,1.0,2.0,8,56,2.1333333333333333,2.1333333333333333,14.666666666666666,14.666666666666666,141.33333333333334,141.33333333333334,138.66666666666666,138.66666666666666,67.66666666666667,67.66666666666667,0.3333333333333333,0.3333333333333333,2.333333333333333,2.333333333333333,8.0,8.0,0.0,0.0,34.666666666666664,34.666666666666664,86.33333333333333,86.33333333333333,138.66666666666666,138.66666666666666,67.66666666666667,67.66666666666667,0.3333333333333333,0.3333333333333333,2.333333333333333,2.333333333333333,0.3944444444444444,0.413244256915143,0.413244256915143,4,5,1,3,5,2,-1.03,15.0,0.0,16.0,2.0,29.0,9.0,3.5,79.0,0.6666666666666666,0.3333333333333333,1.0,9.0,3.5,2.8,0.1206896551724138,0.3103448275862069,0.0689655172413793,0.0,90.0,0.0388888888888888,0.0222222222222222,0.0222222222222222,0.0111111111111111,4.0,0.0,1.0,0.3222222222222222
3,3.5,Away,Sheffield Utd,16,232,184,0,48,54.5,90.0,79.0,1.0,2.0,8,56,2.1333333333333333,2.1333333333333333,14.666666666666666,14.666666666666666,141.33333333333334,141.33333333333334,138.66666666666666,138.66666666666666,67.66666666666667,67.66666666666667,0.3333333333333333,0.3333333333333333,2.333333333333333,2.333333333333333,8.0,8.0,0.0,0.0,34.666666666666664,34.666666666666664,86.33333333333333,86.33333333333333,138.66666666666666,138.66666666666666,67.66666666666667,67.66666666666667,0.3333333333333333,0.3333333333333333,2.333333333333333,2.333333333333333,0.3944444444444444,0.413244256915143,0.413244256915143,4,5,1,3,5,2,-1.03,15.0,0.0,16.0,2.0,29.0,9.0,3.5,79.0,0.6666666666666666,0.3333333333333333,1.0,9.0,3.5,2.8,0.1206896551724138,0.3103448275862069,0.0689655172413793,0.0,90.0,0.0388888888888888,0.0222222222222222,0.0222222222222222,0.0111111111111111,4.0,0.0,1.0,0.3222222222222222
3,3.5,Away,Sheffield Utd,16,232,184,0,48,54.5,90.0,79.0,1.0,2.0,8,56,2.1333333333333333,2.1333333333333333,14.666666666666666,14.666666666666666,141.33333333333334,141.33333333333334,138.66666666666666,138.66666666666666,67.66666666666667,67.66666666666667,0.3333333333333333,0.3333333333333333,2.333333333333333,2.333333333333333,8.0,8.0,0.0,0.0,34.666666666666664,34.666666666666664,86.33333333333333,86.33333333333333,138.66666666666666,138.66666666666666,67.66666666666667,67.66666666666667,0.3333333333333333,0.3333333333333333,2.333333333333333,2.333333333333333,0.3944444444444444,0.413244256915143,0.413244256915143,4,5,1,3,5,2,-1.03,15.0,0.0,16.0,2.0,29.0,9.0,3.5,79.0,0.6666666666666666,0.3333333333333333,1.0,9.0,3.5,2.8,0.1206896551724138,0.3103448275862069,0.0689655172413793,0.0,90.0,0.0388888888888888,0.0222222222222222,0.0222222222222222,0.0111111111111111,4.0,0.0,1.0,0.3222222222222222
3,3.5,Away,Sheffield Utd,16,232,184,0,48,54.5,90.0,79.0,1.0,2.0,8,56,2.1333333333333333,2.1333333333333333,14.666666666666666,14.666666666666666,141.33333333333334,141.33333333333334,138.66666666666666,138.66666666666666,67.66666666666667,67.66666666666667,0.3333333333333333,0.3333333333333333,2.333333333333333,2.333333333333333,8.0,8.0,0.0,0.0,34.666666666666664,34.666666666666664,86.33333333333333,86.33333333333333,138.66666666666666,138.66666666666666,67.66666666666667,67.66666666666667,0.3333333333333333,0.3333333333333333,2.333333333333333,2.333333333333333,0.3944444444444444,0.413244256915143,0.413244256915143,4,5,1,3,5,2,-1.03,15.0,0.0,16.0,2.0,29.0,9.0,3.5,79.0,0.6666666666666666,0.3333333333333333,1.0,9.0,3.5,2.8,0.1206896551724138,0.3103448275862069,0.0689655172413793,0.0,90.0,0.0388888888888888,0.0222222222222222,0.0222222222222222,0.0111111111111111,4.0,0.0,1.0,0.3222222222222222
3,3.5,Away,Sheffield Utd,16,232,184,0,48,54.5,90.0,79.0,1.0,2.0,8,56,2.1333333333333333,2.1333333333333333,14.666666666666666,14.666666666666666,141.33333333333334,141.33333333333334,138.66666666666666,138.66666666666666,67.66666666666667,67.66666666666667,0.3333333333333333,0.3333333333333333,2.333333333333333,2.333333333333333,8.0,8.0,0.0,0.0,34.666666666666664,34.666666666666664,86.33333333333333,86.33333333333333,138.66666666666666,138.66666666666666,67.66666666666667,67.66666666666667,0.3333333333333333,0.3333333333333333,2.333333333333333,2.333333333333333,0.3944444444444444,0.413244256915143,0.413244256915143,4,5,1,3,5,2,-1.03,15.0,0.0,16.0,2.0,29.0,9.0,3.5,79.0,0.6666666666666666,0.3333333333333333,1.0,9.0,3.5,2.8,0.1206896551724138,0.3103448275862069,0.0689655172413793,0.0,90.0,0.0388888888888888,0.0222222222222222,0.0222222222222222,0.0111111111111111,4.0,0.0,1.0,0.3222222222222222
3,3.5,Away,Sheffield Utd,16,232,184,0,48,54.5,90.0,79.0,1.0,2.0,8,56,2.1333333333333333,2.1333333333333333,14.666666666666666,14.666666666666666,141.33333333333334,141.33333333333334,138.66666666666666,138.66666666666666,67.66666666666667,67.66666666666667,0.3333333333333333,0.3333333333333333,2.333333333333333,2.333333333333333,8.0,8.0,0.0,0.0,34.666666666666664,34.666666666666664,86.33333333333333,86.33333333333333,138.66666666666666,138.66666666666666,67.66666666666667,67.66666666666667,0.3333333333333333,0.3333333333333333,2.333333333333333,2.333333333333333,0.3944444444444444,0.413244256915143,0.413244256915143,4,5,1,3,5,2,-1.03,15.0,0.0,16.0,2.0,29.0,9.0,3.5,79.0,0.6666666666666666,0.3333333333333333,1.0,9.0,3.5,2.8,0.1206896551724138,0.3103448275862069,0.0689655172413793,0.0,90.0,0.0388888888888888,0.0222222222222222,0.0222222222222222,0.0111111111111111,4.0,0.0,1.0,0.3222222222222222
3,3.5,Away,Sheffield Utd,16,232,184,0,48,54.5,90.0,79.0,1.0,2.0,8,56,2.1333333333333333,2.1333333333333333,14.666666666666666,14.666666666666666,141.33333333333334,141.33333333333334,138.66666666666666,138.66666666666666,67.66666666666667,67.66666666666667,0.3333333333333333,0.3333333333333333,2.333333333333333,2.333333333333333,8.0,8.0,0.0,0.0,34.666666666666664,34.666666666666664,86.33333333333333,86.33333333333333,138.66666666666666,138.66666666666666,67.66666666666667,67.66666666666667,0.3333333333333333,0.3333333333333333,2.333333333333333,2.333333333333333,0.3944444444444444,0.413244256915143,0.413244256915143,4,5,1,3,5,2,-1.03,15.0,0.0,16.0,2.0,29.0,9.0,3.5,79.0,0.6666666666666666,0.3333333333333333,1.0,9.0,3.5,2.8,0.1206896551724138,0.3103448275862069,0.0689655172413793,0.0,90.0,0.0388888888888888,0.0222222222222222,0.0222222222222222,0.0111111111111111,4.0,0.0,1.0,0.3222222222222222
3,3.5,Away,Sheffield Utd,16,232,184,0,48,54.5,90.0,79.0,1.0,2.0,8,56,2.1333333333333333,2.1333333333333333,14.666666666666666,14.666666666666666,141.33333333333334,141.33333333333334,138.66666666666666,138.66666666666666,67.66666666666667,67.66666666666667,0.3333333333333333,0.3333333333333333,2.333333333333333,2.333333333333333,8.0,8.0,0.0,0.0,34.666666666666664,34.666666666666664,86.33333333333333,86.33333333333333,138.66666666666666,138.66666666666666,67.66666666666667,67.66666666666667,0.3333333333333333,0.3333333333333333,2.333333333333333,2.333333333333333,0.3944444444444444,0.413244256915143,0.413244256915143,4,5,1,3,5,2,-1.03,15.0,0.0,16.0,2.0,29.0,9.0,3.5,79.0,0.6666666666666666,0.3333333333333333,1.0,9.0,3.5,2.8,0.1206896551724138,0.3103448275862069,0.0689655172413793,0.0,90.0,0.0388888888888888,0.0222222222222222,0.0222222222222222,0.0111111111111111,4.0,0.0,1.0,0.3222222222222222
4,2.2,Home,Fulham,60,72,204,12,48,66.7,90.0,68.0,1.0,2.0,36,36,2.15,2.15,26.0,26.0,124.0,124.0,155.0,155.0,67.75,67.75,0.5,0.5,2.25,2.25,15.0,15.0,3.0,3.0,35.0,35.0,87.25,87.25,155.0,155.0,67.75,67.75,0.5,0.5,2.25,2.25,2.0244444444444443,0.8160443037974683,0.8160443037974683,4,5,1,4,3,3,-0.4,9.0,1.0,22.0,2.0,6.0,4.0,2.2,68.0,1.25,0.25,3.0,4.0,2.2,1.4,0.3666666666666667,0.6666666666666666,0.8333333333333334,1.0,90.0,0.0244444444444444,0.0555555555555555,0.0222222222222222,0.0111111111111111,8.0,0.0,4.0,0.0666666666666666
4,2.2,Home,Fulham,60,72,204,12,48,66.7,90.0,68.0,1.0,2.0,36,36,2.15,2.15,26.0,26.0,124.0,124.0,155.0,155.0,67.75,67.75,0.5,0.5,2.25,2.25,15.0,15.0,3.0,3.0,35.0,35.0,87.25,87.25,155.0,155.0,67.75,67.75,0.5,0.5,2.25,2.25,2.0244444444444443,0.8160443037974683,0.8160443037974683,4,5,1,4,3,3,-0.4,9.0,1.0,22.0,2.0,6.0,4.0,2.2,68.0,1.25,0.25,3.0,4.0,2.2,1.4,0.3666666666666667,0.6666666666666666,0.8333333333333334,1.0,90.0,0.0244444444444444,0.0555555555555555,0.0222222222222222,0.0111111111111111,8.0,0.0,4.0,0.0666666666666666
4,2.2,Home,Fulham,60,72,204,12,48,66.7,90.0,68.0,1.0,2.0,36,36,2.15,2.15,26.0,26.0,124.0,124.0,155.0,155.0,67.75,67.75,0.5,0.5,2.25,2.25,15.0,15.0,3.0,3.0,35.0,35.0,87.25,87.25,155.0,155.0,67.75,67.75,0.5,0.5,2.25,2.25,2.0244444444444443,0.8160443037974683,0.8160443037974683,4,5,1,4,3,3,-0.4,9.0,1.0,22.0,2.0,6.0,4.0,2.2,68.0,1.25,0.25,3.0,4.0,2.2,1.4,0.3666666666666667,0.6666666666666666,0.8333333333333334,1.0,90.0,0.0244444444444444,0.0555555555555555,0.0222222222222222,0.0111111111111111,8.0,0.0,4.0,0.0666666666666666
4,2.2,Home,Fulham,60,72,204,12,48,66.7,90.0,68.0,1.0,2.0,36,36,2.15,2.15,26.0,26.0,124.0,124.0,155.0,155.0,67.75,67.75,0.5,0.5,2.25,2.25,15.0,15.0,3.0,3.0,35.0,35.0,87.25,87.25,155.0,155.0,67.75,67.75,0.5,0.5,2.25,2.25,2.0244444444444443,0.8160443037974683,0.8160443037974683,4,5,1,4,3,3,-0.4,9.0,1.0,22.0,2.0,6.0,4.0,2.2,68.0,1.25,0.25,3.0,4.0,2.2,1.4,0.3666666666666667,0.6666666666666666,0.8333333333333334,1.0,90.0,0.0244444444444444,0.0555555555555555,0.0222222222222222,0.0111111111111111,8.0,0.0,4.0,0.0666666666666666
4,2.2,Home,Fulham,60,72,204,12,48,66.7,90.0,68.0,1.0,2.0,36,36,2.15,2.15,26.0,26.0,124.0,124.0,155.0,155.0,67.75,67.75,0.5,0.5,2.25,2.25,15.0,15.0,3.0,3.0,35.0,35.0,87.25,87.25,155.0,155.0,67.75,67.75,0.5,0.5,2.25,2.25,2.0244444444444443,0.8160443037974683,0.8160443037974683,4,5,1,4,3,3,-0.4,9.0,1.0,22.0,2.0,6.0,4.0,2.2,68.0,1.25,0.25,3.0,4.0,2.2,1.4,0.3666666666666667,0.6666666666666666,0.8333333333333334,1.0,90.0,0.0244444444444444,0.0555555555555555,0.0222222222222222,0.0111111111111111,8.0,0.0,4.0,0.0666666666666666
4,2.2,Home,Fulham,60,72,204,12,48,66.7,90.0,68.0,1.0,2.0,36,36,2.15,2.15,26.0,26.0,124.0,124.0,155.0,155.0,67.75,67.75,0.5,0.5,2.25,2.25,15.0,15.0,3.0,3.0,35.0,35.0,87.25,87.25,155.0,155.0,67.75,67.75,0.5,0.5,2.25,2.25,2.0244444444444443,0.8160443037974683,0.8160443037974683,4,5,1,4,3,3,-0.4,9.0,1.0,22.0,2.0,6.0,4.0,2.2,68.0,1.25,0.25,3.0,4.0,2.2,1.4,0.3666666666666667,0.6666666666666666,0.8333333333333334,1.0,90.0,0.0244444444444444,0.0555555555555555,0.0222222222222222,0.0111111111111111,8.0,0.0,4.0,0.0666666666666666
4,2.2,Home,Fulham,60,72,204,12,48,66.7,90.0,68.0,1.0,2.0,36,36,2.15,2.15,26.0,26.0,124.0,124.0,155.0,155.0,67.75,67.75,0.5,0.5,2.25,2.25,15.0,15.0,3.0,3.0,35.0,35.0,87.25,87.25,155.0,155.0,67.75,67.75,0.5,0.5,2.25,2.25,2.0244444444444443,0.8160443037974683,0.8160443037974683,4,5,1,4,3,3,-0.4,9.0,1.0,22.0,2.0,6.0,4.0,2.2,68.0,1.25,0.25,3.0,4.0,2.2,1.4,0.3666666666666667,0.6666666666666666,0.8333333333333334,1.0,90.0,0.0244444444444444,0.0555555555555555,0.0222222222222222,0.0111111111111111,8.0,0.0,4.0,0.0666666666666666
4,2.2,Home,Fulham,60,72,204,12,48,66.7,90.0,68.0,1.0,2.0,36,36,2.15,2.15,26.0,26.0,124.0,124.0,155.0,155.0,67.75,67.75,0.5,0.5,2.25,2.25,15.0,15.0,3.0,3.0,35.0,35.0,87.25,87.25,155.0,155.0,67.75,67.75,0.5,0.5,2.25,2.25,2.0244444444444443,0.8160443037974683,0.8160443037974683,4,5,1,4,3,3,-0.4,9.0,1.0,22.0,2.0,6.0,4.0,2.2,68.0,1.25,0.25,3.0,4.0,2.2,1.4,0.3666666666666667,0.6666666666666666,0.8333333333333334,1.0,90.0,0.0244444444444444,0.0555555555555555,0.0222222222222222,0.0111111111111111,8.0,0.0,4.0,0.0666666666666666
4,2.2,Home,Fulham,60,72,204,12,48,66.7,90.0,68.0,1.0,2.0,36,36,2.15,2.15,26.0,26.0,124.0,124.0,155.0,155.0,67.75,67.75,0.5,0.5,2.25,2.25,15.0,15.0,3.0,3.0,35.0,35.0,87.25,87.25,155.0,155.0,67.75,67.75,0.5,0.5,2.25,2.25,2.0244444444444443,0.8160443037974683,0.8160443037974683,4,5,1,4,3,3,-0.4,9.0,1.0,22.0,2.0,6.0,4.0,2.2,68.0,1.25,0.25,3.0,4.0,2.2,1.4,0.3666666666666667,0.6666666666666666,0.8333333333333334,1.0,90.0,0.0244444444444444,0.0555555555555555,0.0222222222222222,0.0111111111111111,8.0,0.0,4.0,0.0666666666666666
4,2.2,Home,Fulham,60,72,204,12,48,66.7,90.0,68.0,1.0,2.0,36,36,2.15,2.15,26.0,26.0,124.0,124.0,155.0,155.0,67.75,67.75,0.5,0.5,2.25,2.25,15.0,15.0,3.0,3.0,35.0,35.0,87.25,87.25,155.0,155.0,67.75,67.75,0.5,0.5,2.25,2.25,2.0244444444444443,0.8160443037974683,0.8160443037974683,4,5,1,4,3,3,-0.4,9.0,1.0,22.0,2.0,6.0,4.0,2.2,68.0,1.25,0.25,3.0,4.0,2.2,1.4,0.3666666666666667,0.6666666666666666,0.8333333333333334,1.0,90.0,0.0244444444444444,0.0555555555555555,0.0222222222222222,0.0111111111111111,8.0,0.0,4.0,0.0666666666666666
4,2.2,Home,Fulham,60,72,204,12,48,66.7,90.0,68.0,1.0,2.0,36,36,2.15,2.15,26.0,26.0,124.0,124.0,155.0,155.0,67.75,67.75,0.5,0.5,2.25,2.25,15.0,15.0,3.0,3.0,35.0,35.0,87.25,87.25,155.0,155.0,67.75,67.75,0.5,0.5,2.25,2.25,2.0244444444444443,0.8160443037974683,0.8160443037974683,4,5,1,4,3,3,-0.4,9.0,1.0,22.0,2.0,6.0,4.0,2.2,68.0,1.25,0.25,3.0,4.0,2.2,1.4,0.3666666666666667,0.6666666666666666,0.8333333333333334,1.0,90.0,0.0244444444444444,0.0555555555555555,0.0222222222222222,0.0111111111111111,8.0,0.0,4.0,0.0666666666666666
4,2.2,Home,Fulham,60,72,204,12,48,66.7,90.0,68.0,1.0,2.0,36,36,2.15,2.15,26.0,26.0,124.0,124.0,155.0,155.0,67.75,67.75,0.5,0.5,2.25,2.25,15.0,15.0,3.0,3.0,35.0,35.0,87.25,87.25,155.0,155.0,67.75,67.75,0.5,0.5,2.25,2.25,2.0244444444444443,0.8160443037974683,0.8160443037974683,4,5,1,4,3,3,-0.4,9.0,1.0,22.0,2.0,6.0,4.0,2.2,68.0,1.25,0.25,3.0,4.0,2.2,1.4,0.3666666666666667,0.6666666666666666,0.8333333333333334,1.0,90.0,0.0244444444444444,0.0555555555555555,0.0222222222222222,0.0111111111111111,8.0,0.0,4.0,0.0666666666666666
5,3.6,Away,West Ham,27,261,198,0,81,69.2,89.0,68.0,0.0,2.0,9,81,2.44,2.44,26.2,26.2,151.4,151.4,163.6,163.6,67.8,67.8,0.4,0.4,2.2,2.2,13.8,13.8,2.4,2.4,44.2,44.2,87.6,87.6,163.6,163.6,67.8,67.8,0.4,0.4,2.2,2.2,0.4449438202247191,0.7418242070829185,0.7418242070829185,4,5,1,4,5,1,-0.51,17.0,0.0,36.0,2.0,29.0,13.0,3.6,68.0,0.6,0.2,1.0,13.0,3.6,3.6,0.1241379310344827,0.4482758620689655,0.1034482758620689,0.0,89.0,0.0404494382022471,0.0337078651685393,0.0224719101123595,0.0,5.0,0.0,2.0,0.3258426966292135
5,3.6,Away,West Ham,27,261,198,0,81,69.2,89.0,68.0,0.0,2.0,9,81,2.44,2.44,26.2,26.2,151.4,151.4,163.6,163.6,67.8,67.8,0.4,0.4,2.2,2.2,13.8,13.8,2.4,2.4,44.2,44.2,87.6,87.6,163.6,163.6,67.8,67.8,0.4,0.4,2.2,2.2,0.4449438202247191,0.7418242070829185,0.7418242070829185,4,5,1,4,5,1,-0.51,17.0,0.0,36.0,2.0,29.0,13.0,3.6,68.0,0.6,0.2,1.0,13.0,3.6,3.6,0.1241379310344827,0.4482758620689655,0.1034482758620689,0.0,89.0,0.0404494382022471,0.0337078651685393,0.0224719101123595,0.0,5.0,0.0,2.0,0.3258426966292135
5,3.6,Away,West Ham,27,261,198,0,81,69.2,89.0,68.0,0.0,2.0,9,81,2.44,2.44,26.2,26.2,151.4,151.4,163.6,163.6,67.8,67.8,0.4,0.4,2.2,2.2,13.8,13.8,2.4,2.4,44.2,44.2,87.6,87.6,163.6,163.6,67.8,67.8,0.4,0.4,2.2,2.2,0.4449438202247191,0.7418242070829185,0.7418242070829185,4,5,1,4,5,1,-0.51,17.0,0.0,36.0,2.0,29.0,13.0,3.6,68.0,0.6,0.2,1.0,13.0,3.6,3.6,0.1241379310344827,0.4482758620689655,0.1034482758620689,0.0,89.0,0.0404494382022471,0.0337078651685393,0.0224719101123595,0.0,5.0,0.0,2.0,0.3258426966292135
5,3.6,Away,West Ham,27,261,198,0,81,69.2,89.0,68.0,0.0,2.0,9,81,2.44,2.44,26.2,26.2,151.4,151.4,163.6,163.6,67.8,67.8,0.4,0.4,2.2,2.2,13.8,13.8,2.4,2.4,44.2,44.2,87.6,87.6,163.6,163.6,67.8,67.8,0.4,0.4,2.2,2.2,0.4449438202247191,0.7418242070829185,0.7418242070829185,4,5,1,4,5,1,-0.51,17.0,0.0,36.0,2.0,29.0,13.0,3.6,68.0,0.6,0.2,1.0,13.0,3.6,3.6,0.1241379310344827,0.4482758620689655,0.1034482758620689,0.0,89.0,0.0404494382022471,0.0337078651685393,0.0224719101123595,0.0,5.0,0.0,2.0,0.3258426966292135
5,3.6,Away,West Ham,27,261,198,0,81,69.2,89.0,68.0,0.0,2.0,9,81,2.44,2.44,26.2,26.2,151.4,151.4,163.6,163.6,67.8,67.8,0.4,0.4,2.2,2.2,13.8,13.8,2.4,2.4,44.2,44.2,87.6,87.6,163.6,163.6,67.8,67.8,0.4,0.4,2.2,2.2,0.4449438202247191,0.7418242070829185,0.7418242070829185,4,5,1,4,5,1,-0.51,17.0,0.0,36.0,2.0,29.0,13.0,3.6,68.0,0.6,0.2,1.0,13.0,3.6,3.6,0.1241379310344827,0.4482758620689655,0.1034482758620689,0.0,89.0,0.0404494382022471,0.0337078651685393,0.0224719101123595,0.0,5.0,0.0,2.0,0.3258426966292135
5,3.6,Away,West Ham,27,261,198,0,81,69.2,89.0,68.0,0.0,2.0,9,81,2.44,2.44,26.2,26.2,151.4,151.4,163.6,163.6,67.8,67.8,0.4,0.4,2.2,2.2,13.8,13.8,2.4,2.4,44.2,44.2,87.6,87.6,163.6,163.6,67.8,67.8,0.4,0.4,2.2,2.2,0.4449438202247191,0.7418242070829185,0.7418242070829185,4,5,1,4,5,1,-0.51,17.0,0.0,36.0,2.0,29.0,13.0,3.6,68.0,0.6,0.2,1.0,13.0,3.6,3.6,0.1241379310344827,0.4482758620689655,0.1034482758620689,0.0,89.0,0.0404494382022471,0.0337078651685393,0.0224719101123595,0.0,5.0,0.0,2.0,0.3258426966292135
5,3.6,Away,West Ham,27,261,198,0,81,69.2,89.0,68.0,0.0,2.0,9,81,2.44,2.44,26.2,26.2,151.4,151.4,163.6,163.6,67.8,67.8,0.4,0.4,2.2,2.2,13.8,13.8,2.4,2.4,44.2,44.2,87.6,87.6,163.6,163.6,67.8,67.8,0.4,0.4,2.2,2.2,0.4449438202247191,0.7418242070829185,0.7418242070829185,4,5,1,4,5,1,-0.51,17.0,0.0,36.0,2.0,29.0,13.0,3.6,68.0,0.6,0.2,1.0,13.0,3.6,3.6,0.1241379310344827,0.4482758620689655,0.1034482758620689,0.0,89.0,0.0404494382022471,0.0337078651685393,0.0224719101123595,0.0,5.0,0.0,2.0,0.3258426966292135
5,3.6,Away,West Ham,27,261,198,0,81,69.2,89.0,68.0,0.0,2.0,9,81,2.44,2.44,26.2,26.2,151.4,151.4,163.6,163.6,67.8,67.8,0.4,0.4,2.2,2.2,13.8,13.8,2.4,2.4,44.2,44.2,87.6,87.6,163.6,163.6,67.8,67.8,0.4,0.4,2.2,2.2,0.4449438202247191,0.7418242070829185,0.7418242070829185,4,5,1,4,5,1,-0.51,17.0,0.0,36.0,2.0,29.0,13.0,3.6,68.0,0.6,0.2,1.0,13.0,3.6,3.6,0.1241379310344827,0.4482758620689655,0.1034482758620689,0.0,89.0,0.0404494382022471,0.0337078651685393,0.0224719101123595,0.0,5.0,0.0,2.0,0.3258426966292135
5,3.6,Away,West Ham,27,261,198,0,81,69.2,89.0,68.0,0.0,2.0,9,81,2.44,2.44,26.2,26.2,151.4,151.4,163.6,163.6,67.8,67.8,0.4,0.4,2.2,2.2,13.8,13.8,2.4,2.4,44.2,44.2,87.6,87.6,163.6,163.6,67.8,67.8,0.4,0.4,2.2,2.2,0.4449438202247191,0.7418242070829185,0.7418242070829185,4,5,1,4,5,1,-0.51,17.0,0.0,36.0,2.0,29.0,13.0,3.6,68.0,0.6,0.2,1.0,13.0,3.6,3.6,0.1241379310344827,0.4482758620689655,0.1034482758620689,0.0,89.0,0.0404494382022471,0.0337078651685393,0.0224719101123595,0.0,5.0,0.0,2.0,0.3258426966292135
6,1.3,Home,Nott'ham Forest,4,14,48,0,18,60.0,90.0,57.0,0.0,2.0,2,4,2.32,2.25,22.2,22.5,127.0,128.5,144.4,144.33333333333334,66.2,66.0,0.4,0.3333333333333333,2.0,2.1666666666666665,11.0,11.833333333333334,2.4,2.0,38.6,37.5,89.8,88.0,144.4,144.33333333333334,66.2,66.0,0.4,0.3333333333333333,2.0,2.1666666666666665,0.1033333333333333,0.5956554307116105,0.6354090614579877,4,5,1,5,4,1,-0.44,14.0,1.0,43.0,2.0,7.0,4.0,1.3,57.0,0.3333333333333333,0.0,1.0,4.0,1.3,1.3,0.1857142857142857,0.5714285714285714,0.2857142857142857,0.0,90.0,0.0144444444444444,0.0222222222222222,0.0222222222222222,0.0,4.0,0.0,2.0,0.0777777777777777
6,1.3,Home,Nott'ham Forest,4,14,48,0,18,60.0,90.0,57.0,0.0,2.0,2,4,2.32,2.25,22.2,22.5,127.0,128.5,144.4,144.33333333333334,66.2,66.0,0.4,0.3333333333333333,2.0,2.1666666666666665,11.0,11.833333333333334,2.4,2.0,38.6,37.5,89.8,88.0,144.4,144.33333333333334,66.2,66.0,0.4,0.3333333333333333,2.0,2.1666666666666665,0.1033333333333333,0.5956554307116105,0.6354090614579877,4,5,1,5,4,1,-0.44,14.0,1.0,43.0,2.0,7.0,4.0,1.3,57.0,0.3333333333333333,0.0,1.0,4.0,1.3,1.3,0.1857142857142857,0.5714285714285714,0.2857142857142857,0.0,90.0,0.0144444444444444,0.0222222222222222,0.0222222222222222,0.0,4.0,0.0,2.0,0.0777777777777777
7,0.9,Away,Wolves,1,23,14,0,10,83.3,90.0,68.0,0.0,1.0,0,1,2.3,2.0571428571428574,21.6,19.428571428571427,120.4,113.42857142857144,129.6,125.71428571428572,68.0,66.28571428571429,0.4,0.2857142857142857,1.8,2.0,11.0,10.142857142857142,2.4,1.7142857142857142,35.6,32.285714285714285,89.8,88.28571428571429,129.6,125.71428571428572,68.0,66.28571428571429,0.4,0.2857142857142857,1.8,2.0,0.01,0.5954332084893883,0.5460649098211323,4,5,1,3,4,3,-0.54,18.0,0.0,50.0,1.0,23.0,8.0,0.9,68.0,0.1428571428571428,0.2857142857142857,0.0,8.0,0.9,0.9,0.0391304347826087,0.3478260869565217,0.0434782608695652,0.0,90.0,0.01,0.0111111111111111,0.0111111111111111,0.0,2.0,0.0,-1.0,0.2555555555555555
8,0.5,Away,Arsenal,0,4,20,0,11,68.8,90.0,51.0,0.0,2.0,0,0,1.7,1.8625,18.4,17.0,74.8,99.75,96.8,112.5,62.4,64.375,0.2,0.25,1.8,2.0,9.4,8.875,2.4,1.5,24.4,28.25,89.8,88.5,96.8,112.5,62.4,64.375,0.2,0.25,1.8,2.0,0.0055555555555555,0.5176554307116105,0.4785012405379352,4,3,3,4,3,3,4.07,0.0,0.0,58.0,1.0,4.0,0.0,0.5,51.0,0.0,0.125,0.0,0.0,0.5,0.5,0.125,0.0,0.0,0.0,90.0,0.0055555555555555,0.0,0.0222222222222222,0.0,2.0,0.0,-1.0,0.0444444444444444
9,0.8,Home,Brighton,4,20,42,0,22,91.7,90.0,55.0,0.0,0.0,2,4,1.4200000000000002,1.7444444444444445,7.2,15.555555555555555,64.4,90.88888888888889,64.4,104.66666666666669,59.8,63.333333333333336,0.0,0.2222222222222222,1.4,1.7777777777777777,2.6,8.11111111111111,0.0,1.3333333333333333,18.0,25.55555555555556,89.8,88.66666666666667,64.4,104.66666666666669,59.8,63.333333333333336,0.0,0.2222222222222222,1.4,1.7777777777777777,0.0977777777777777,0.1323220973782772,0.4361986335645844,3,6,1,4,5,1,-0.21,4.0,1.0,71.0,2.0,10.0,5.0,0.8,55.0,0.2222222222222222,0.1111111111111111,1.0,5.0,0.8,0.8,0.08,0.5,0.2,0.0,90.0,0.0088888888888888,0.0222222222222222,0.0,0.0,2.0,0.0,1.0,0.1111111111111111
9,0.8,Home,Brighton,4,20,42,0,22,91.7,90.0,55.0,0.0,0.0,2,4,1.4200000000000002,1.7444444444444445,7.2,15.555555555555555,64.4,90.88888888888889,64.4,104.66666666666669,59.8,63.333333333333336,0.0,0.2222222222222222,1.4,1.7777777777777777,2.6,8.11111111111111,0.0,1.3333333333333333,18.0,25.55555555555556,89.8,88.66666666666667,64.4,104.66666666666669,59.8,63.333333333333336,0.0,0.2222222222222222,1.4,1.7777777777777777,0.0977777777777777,0.1323220973782772,0.4361986335645844,3,6,1,4,5,1,-0.21,4.0,1.0,71.0,2.0,10.0,5.0,0.8,55.0,0.2222222222222222,0.1111111111111111,1.0,5.0,0.8,0.8,0.08,0.5,0.2,0.0,90.0,0.0088888888888888,0.0222222222222222,0.0,0.0,2.0,0.0,1.0,0.1111111111111111
10,4.0,Away,Manchester Utd,30,200,200,10,70,70.0,90.0,60.0,1.0,1.0,20,40,1.5,1.97,7.8,17.0,52.2,101.8,64.8,114.2,58.2,63.0,0.2,0.3,1.2,1.7,4.8,9.3,2.0,2.2,9.8,27.0,90.0,88.8,64.8,114.2,58.2,63.0,0.2,0.3,1.2,1.7,1.2666666666666666,0.2966666666666667,0.5192454368747926,4,5,1,4,5,1,-0.29,12.0,0.0,79.0,2.0,20.0,9.0,4.0,60.0,0.3,0.0,2.0,9.0,4.0,3.2,0.2,0.45,0.15,1.0,90.0,0.0444444444444444,0.0333333333333333,0.0111111111111111,0.0111111111111111,5.0,0.0,3.0,0.2222222222222222
10,4.0,Away,Manchester Utd,30,200,200,10,70,70.0,90.0,60.0,1.0,1.0,20,40,1.5,1.97,7.8,17.0,52.2,101.8,64.8,114.2,58.2,63.0,0.2,0.3,1.2,1.7,4.8,9.3,2.0,2.2,9.8,27.0,90.0,88.8,64.8,114.2,58.2,63.0,0.2,0.3,1.2,1.7,1.2666666666666666,0.2966666666666667,0.5192454368747926,4,5,1,4,5,1,-0.29,12.0,0.0,79.0,2.0,20.0,9.0,4.0,60.0,0.3,0.0,2.0,9.0,4.0,3.2,0.2,0.45,0.15,1.0,90.0,0.0444444444444444,0.0333333333333333,0.0111111111111111,0.0111111111111111,5.0,0.0,3.0,0.2222222222222222
10,4.0,Away,Manchester Utd,30,200,200,10,70,70.0,90.0,60.0,1.0,1.0,20,40,1.5,1.97,7.8,17.0,52.2,101.8,64.8,114.2,58.2,63.0,0.2,0.3,1.2,1.7,4.8,9.3,2.0,2.2,9.8,27.0,90.0,88.8,64.8,114.2,58.2,63.0,0.2,0.3,1.2,1.7,1.2666666666666666,0.2966666666666667,0.5192454368747926,4,5,1,4,5,1,-0.29,12.0,0.0,79.0,2.0,20.0,9.0,4.0,60.0,0.3,0.0,2.0,9.0,4.0,3.2,0.2,0.45,0.15,1.0,90.0,0.0444444444444444,0.0333333333333333,0.0111111111111111,0.0111111111111111,5.0,0.0,3.0,0.2222222222222222
10,4.0,Away,Manchester Utd,30,200,200,10,70,70.0,90.0,60.0,1.0,1.0,20,40,1.5,1.97,7.8,17.0,52.2,101.8,64.8,114.2,58.2,63.0,0.2,0.3,1.2,1.7,4.8,9.3,2.0,2.2,9.8,27.0,90.0,88.8,64.8,114.2,58.2,63.0,0.2,0.3,1.2,1.7,1.2666666666666666,0.2966666666666667,0.5192454368747926,4,5,1,4,5,1,-0.29,12.0,0.0,79.0,2.0,20.0,9.0,4.0,60.0,0.3,0.0,2.0,9.0,4.0,3.2,0.2,0.45,0.15,1.0,90.0,0.0444444444444444,0.0333333333333333,0.0111111111111111,0.0111111111111111,5.0,0.0,3.0,0.2222222222222222
10,4.0,Away,Manchester Utd,30,200,200,10,70,70.0,90.0,60.0,1.0,1.0,20,40,1.5,1.97,7.8,17.0,52.2,101.8,64.8,114.2,58.2,63.0,0.2,0.3,1.2,1.7,4.8,9.3,2.0,2.2,9.8,27.0,90.0,88.8,64.8,114.2,58.2,63.0,0.2,0.3,1.2,1.7,1.2666666666666666,0.2966666666666667,0.5192454368747926,4,5,1,4,5,1,-0.29,12.0,0.0,79.0,2.0,20.0,9.0,4.0,60.0,0.3,0.0,2.0,9.0,4.0,3.2,0.2,0.45,0.15,1.0,90.0,0.0444444444444444,0.0333333333333333,0.0111111111111111,0.0111111111111111,5.0,0.0,3.0,0.2222222222222222
10,4.0,Away,Manchester Utd,30,200,200,10,70,70.0,90.0,60.0,1.0,1.0,20,40,1.5,1.97,7.8,17.0,52.2,101.8,64.8,114.2,58.2,63.0,0.2,0.3,1.2,1.7,4.8,9.3,2.0,2.2,9.8,27.0,90.0,88.8,64.8,114.2,58.2,63.0,0.2,0.3,1.2,1.7,1.2666666666666666,0.2966666666666667,0.5192454368747926,4,5,1,4,5,1,-0.29,12.0,0.0,79.0,2.0,20.0,9.0,4.0,60.0,0.3,0.0,2.0,9.0,4.0,3.2,0.2,0.45,0.15,1.0,90.0,0.0444444444444444,0.0333333333333333,0.0111111111111111,0.0111111111111111,5.0,0.0,3.0,0.2222222222222222
10,4.0,Away,Manchester Utd,30,200,200,10,70,70.0,90.0,60.0,1.0,1.0,20,40,1.5,1.97,7.8,17.0,52.2,101.8,64.8,114.2,58.2,63.0,0.2,0.3,1.2,1.7,4.8,9.3,2.0,2.2,9.8,27.0,90.0,88.8,64.8,114.2,58.2,63.0,0.2,0.3,1.2,1.7,1.2666666666666666,0.2966666666666667,0.5192454368747926,4,5,1,4,5,1,-0.29,12.0,0.0,79.0,2.0,20.0,9.0,4.0,60.0,0.3,0.0,2.0,9.0,4.0,3.2,0.2,0.45,0.15,1.0,90.0,0.0444444444444444,0.0333333333333333,0.0111111111111111,0.0111111111111111,5.0,0.0,3.0,0.2222222222222222
10,4.0,Away,Manchester Utd,30,200,200,10,70,70.0,90.0,60.0,1.0,1.0,20,40,1.5,1.97,7.8,17.0,52.2,101.8,64.8,114.2,58.2,63.0,0.2,0.3,1.2,1.7,4.8,9.3,2.0,2.2,9.8,27.0,90.0,88.8,64.8,114.2,58.2,63.0,0.2,0.3,1.2,1.7,1.2666666666666666,0.2966666666666667,0.5192454368747926,4,5,1,4,5,1,-0.29,12.0,0.0,79.0,2.0,20.0,9.0,4.0,60.0,0.3,0.0,2.0,9.0,4.0,3.2,0.2,0.45,0.15,1.0,90.0,0.0444444444444444,0.0333333333333333,0.0111111111111111,0.0111111111111111,5.0,0.0,3.0,0.2222222222222222
10,4.0,Away,Manchester Utd,30,200,200,10,70,70.0,90.0,60.0,1.0,1.0,20,40,1.5,1.97,7.8,17.0,52.2,101.8,64.8,114.2,58.2,63.0,0.2,0.3,1.2,1.7,4.8,9.3,2.0,2.2,9.8,27.0,90.0,88.8,64.8,114.2,58.2,63.0,0.2,0.3,1.2,1.7,1.2666666666666666,0.2966666666666667,0.5192454368747926,4,5,1,4,5,1,-0.29,12.0,0.0,79.0,2.0,20.0,9.0,4.0,60.0,0.3,0.0,2.0,9.0,4.0,3.2,0.2,0.45,0.15,1.0,90.0,0.0444444444444444,0.0333333333333333,0.0111111111111111,0.0111111111111111,5.0,0.0,3.0,0.2222222222222222
10,4.0,Away,Manchester Utd,30,200,200,10,70,70.0,90.0,60.0,1.0,1.0,20,40,1.5,1.97,7.8,17.0,52.2,101.8,64.8,114.2,58.2,63.0,0.2,0.3,1.2,1.7,4.8,9.3,2.0,2.2,9.8,27.0,90.0,88.8,64.8,114.2,58.2,63.0,0.2,0.3,1.2,1.7,1.2666666666666666,0.2966666666666667,0.5192454368747926,4,5,1,4,5,1,-0.29,12.0,0.0,79.0,2.0,20.0,9.0,4.0,60.0,0.3,0.0,2.0,9.0,4.0,3.2,0.2,0.45,0.15,1.0,90.0,0.0444444444444444,0.0333333333333333,0.0111111111111111,0.0111111111111111,5.0,0.0,3.0,0.2222222222222222
11,1.9,Home,Bournemouth,18,63,39,0,21,77.8,45.0,65.0,0.0,2.0,0,9,1.62,1.963636363636364,10.6,17.09090909090909,62.0,98.27272727272728,63.0,107.36363636363636,59.8,63.18181818181818,0.2,0.2727272727272727,1.2,1.7272727272727273,4.4,8.454545454545455,2.0,2.0,10.8,25.363636363636363,81.0,84.81818181818181,63.0,107.36363636363636,59.8,63.18181818181818,0.2,0.2727272727272727,1.2,1.7272727272727273,0.0422222222222222,0.2844444444444445,0.4758796900881953,3,4,3,5,4,1,-0.48,2.0,1.0,85.0,2.0,21.0,8.0,1.9,65.0,0.5454545454545454,0.0909090909090909,0.0,8.0,1.9,1.9,0.0904761904761904,0.3809523809523809,0.2857142857142857,0.0,45.0,0.0422222222222222,0.1333333333333333,0.0444444444444444,0.0,8.0,0.0,5.0,0.4666666666666667
11,1.9,Home,Bournemouth,18,63,39,0,21,77.8,45.0,65.0,0.0,2.0,0,9,1.62,1.963636363636364,10.6,17.09090909090909,62.0,98.27272727272728,63.0,107.36363636363636,59.8,63.18181818181818,0.2,0.2727272727272727,1.2,1.7272727272727273,4.4,8.454545454545455,2.0,2.0,10.8,25.363636363636363,81.0,84.81818181818181,63.0,107.36363636363636,59.8,63.18181818181818,0.2,0.2727272727272727,1.2,1.7272727272727273,0.0422222222222222,0.2844444444444445,0.4758796900881953,3,4,3,5,4,1,-0.48,2.0,1.0,85.0,2.0,21.0,8.0,1.9,65.0,0.5454545454545454,0.0909090909090909,0.0,8.0,1.9,1.9,0.0904761904761904,0.3809523809523809,0.2857142857142857,0.0,45.0,0.0422222222222222,0.1333333333333333,0.0444444444444444,0.0,8.0,0.0,5.0,0.4666666666666667
11,1.9,Home,Bournemouth,18,63,39,0,21,77.8,45.0,65.0,0.0,2.0,0,9,1.62,1.963636363636364,10.6,17.09090909090909,62.0,98.27272727272728,63.0,107.36363636363636,59.8,63.18181818181818,0.2,0.2727272727272727,1.2,1.7272727272727273,4.4,8.454545454545455,2.0,2.0,10.8,25.363636363636363,81.0,84.81818181818181,63.0,107.36363636363636,59.8,63.18181818181818,0.2,0.2727272727272727,1.2,1.7272727272727273,0.0422222222222222,0.2844444444444445,0.4758796900881953,3,4,3,5,4,1,-0.48,2.0,1.0,85.0,2.0,21.0,8.0,1.9,65.0,0.5454545454545454,0.0909090909090909,0.0,8.0,1.9,1.9,0.0904761904761904,0.3809523809523809,0.2857142857142857,0.0,45.0,0.0422222222222222,0.1333333333333333,0.0444444444444444,0.0,8.0,0.0,5.0,0.4666666666666667
12,2.9,Away,Chelsea,32,112,152,8,80,83.3,90.0,55.0,1.0,3.0,16,24,2.02,2.0416666666666665,16.8,18.33333333333333,79.8,99.41666666666669,90.6,111.08333333333331,57.2,62.5,0.4,0.3333333333333333,1.6,1.8333333333333333,7.6,9.083333333333334,3.6,2.5,15.4,25.25,81.0,85.25,90.6,111.08333333333331,57.2,62.5,0.4,0.3333333333333333,1.6,1.8333333333333333,1.01,0.4844444444444445,0.520389715914179,3,6,1,4,5,1,0.88,6.0,0.0,93.0,0.0,14.0,9.0,2.9,55.0,0.3333333333333333,0.3333333333333333,2.0,9.0,2.9,2.1,0.2071428571428571,0.6428571428571429,0.2857142857142857,1.0,90.0,0.0322222222222222,0.0444444444444444,0.0333333333333333,0.0111111111111111,8.0,0.0,0.0,0.1555555555555555
12,2.9,Away,Chelsea,32,112,152,8,80,83.3,90.0,55.0,1.0,3.0,16,24,2.02,2.0416666666666665,16.8,18.33333333333333,79.8,99.41666666666669,90.6,111.08333333333331,57.2,62.5,0.4,0.3333333333333333,1.6,1.8333333333333333,7.6,9.083333333333334,3.6,2.5,15.4,25.25,81.0,85.25,90.6,111.08333333333331,57.2,62.5,0.4,0.3333333333333333,1.6,1.8333333333333333,1.01,0.4844444444444445,0.520389715914179,3,6,1,4,5,1,0.88,6.0,0.0,93.0,0.0,14.0,9.0,2.9,55.0,0.3333333333333333,0.3333333333333333,2.0,9.0,2.9,2.1,0.2071428571428571,0.6428571428571429,0.2857142857142857,1.0,90.0,0.0322222222222222,0.0444444444444444,0.0333333333333333,0.0111111111111111,8.0,0.0,0.0,0.1555555555555555
12,2.9,Away,Chelsea,32,112,152,8,80,83.3,90.0,55.0,1.0,3.0,16,24,2.02,2.0416666666666665,16.8,18.33333333333333,79.8,99.41666666666669,90.6,111.08333333333331,57.2,62.5,0.4,0.3333333333333333,1.6,1.8333333333333333,7.6,9.083333333333334,3.6,2.5,15.4,25.25,81.0,85.25,90.6,111.08333333333331,57.2,62.5,0.4,0.3333333333333333,1.6,1.8333333333333333,1.01,0.4844444444444445,0.520389715914179,3,6,1,4,5,1,0.88,6.0,0.0,93.0,0.0,14.0,9.0,2.9,55.0,0.3333333333333333,0.3333333333333333,2.0,9.0,2.9,2.1,0.2071428571428571,0.6428571428571429,0.2857142857142857,1.0,90.0,0.0322222222222222,0.0444444444444444,0.0333333333333333,0.0111111111111111,8.0,0.0,0.0,0.1555555555555555
12,2.9,Away,Chelsea,32,112,152,8,80,83.3,90.0,55.0,1.0,3.0,16,24,2.02,2.0416666666666665,16.8,18.33333333333333,79.8,99.41666666666669,90.6,111.08333333333331,57.2,62.5,0.4,0.3333333333333333,1.6,1.8333333333333333,7.6,9.083333333333334,3.6,2.5,15.4,25.25,81.0,85.25,90.6,111.08333333333331,57.2,62.5,0.4,0.3333333333333333,1.6,1.8333333333333333,1.01,0.4844444444444445,0.520389715914179,3,6,1,4,5,1,0.88,6.0,0.0,93.0,0.0,14.0,9.0,2.9,55.0,0.3333333333333333,0.3333333333333333,2.0,9.0,2.9,2.1,0.2071428571428571,0.6428571428571429,0.2857142857142857,1.0,90.0,0.0322222222222222,0.0444444444444444,0.0333333333333333,0.0111111111111111,8.0,0.0,0.0,0.1555555555555555
12,2.9,Away,Chelsea,32,112,152,8,80,83.3,90.0,55.0,1.0,3.0,16,24,2.02,2.0416666666666665,16.8,18.33333333333333,79.8,99.41666666666669,90.6,111.08333333333331,57.2,62.5,0.4,0.3333333333333333,1.6,1.8333333333333333,7.6,9.083333333333334,3.6,2.5,15.4,25.25,81.0,85.25,90.6,111.08333333333331,57.2,62.5,0.4,0.3333333333333333,1.6,1.8333333333333333,1.01,0.4844444444444445,0.520389715914179,3,6,1,4,5,1,0.88,6.0,0.0,93.0,0.0,14.0,9.0,2.9,55.0,0.3333333333333333,0.3333333333333333,2.0,9.0,2.9,2.1,0.2071428571428571,0.6428571428571429,0.2857142857142857,1.0,90.0,0.0322222222222222,0.0444444444444444,0.0333333333333333,0.0111111111111111,8.0,0.0,0.0,0.1555555555555555
12,2.9,Away,Chelsea,32,112,152,8,80,83.3,90.0,55.0,1.0,3.0,16,24,2.02,2.0416666666666665,16.8,18.33333333333333,79.8,99.41666666666669,90.6,111.08333333333331,57.2,62.5,0.4,0.3333333333333333,1.6,1.8333333333333333,7.6,9.083333333333334,3.6,2.5,15.4,25.25,81.0,85.25,90.6,111.08333333333331,57.2,62.5,0.4,0.3333333333333333,1.6,1.8333333333333333,1.01,0.4844444444444445,0.520389715914179,3,6,1,4,5,1,0.88,6.0,0.0,93.0,0.0,14.0,9.0,2.9,55.0,0.3333333333333333,0.3333333333333333,2.0,9.0,2.9,2.1,0.2071428571428571,0.6428571428571429,0.2857142857142857,1.0,90.0,0.0322222222222222,0.0444444444444444,0.0333333333333333,0.0111111111111111,8.0,0.0,0.0,0.1555555555555555
12,2.9,Away,Chelsea,32,112,152,8,80,83.3,90.0,55.0,1.0,3.0,16,24,2.02,2.0416666666666665,16.8,18.33333333333333,79.8,99.41666666666669,90.6,111.08333333333331,57.2,62.5,0.4,0.3333333333333333,1.6,1.8333333333333333,7.6,9.083333333333334,3.6,2.5,15.4,25.25,81.0,85.25,90.6,111.08333333333331,57.2,62.5,0.4,0.3333333333333333,1.6,1.8333333333333333,1.01,0.4844444444444445,0.520389715914179,3,6,1,4,5,1,0.88,6.0,0.0,93.0,0.0,14.0,9.0,2.9,55.0,0.3333333333333333,0.3333333333333333,2.0,9.0,2.9,2.1,0.2071428571428571,0.6428571428571429,0.2857142857142857,1.0,90.0,0.0322222222222222,0.0444444444444444,0.0333333333333333,0.0111111111111111,8.0,0.0,0.0,0.1555555555555555
12,2.9,Away,Chelsea,32,112,152,8,80,83.3,90.0,55.0,1.0,3.0,16,24,2.02,2.0416666666666665,16.8,18.33333333333333,79.8,99.41666666666669,90.6,111.08333333333331,57.2,62.5,0.4,0.3333333333333333,1.6,1.8333333333333333,7.6,9.083333333333334,3.6,2.5,15.4,25.25,81.0,85.25,90.6,111.08333333333331,57.2,62.5,0.4,0.3333333333333333,1.6,1.8333333333333333,1.01,0.4844444444444445,0.520389715914179,3,6,1,4,5,1,0.88,6.0,0.0,93.0,0.0,14.0,9.0,2.9,55.0,0.3333333333333333,0.3333333333333333,2.0,9.0,2.9,2.1,0.2071428571428571,0.6428571428571429,0.2857142857142857,1.0,90.0,0.0322222222222222,0.0444444444444444,0.0333333333333333,0.0111111111111111,8.0,0.0,0.0,0.1555555555555555
13,1.3,Home,Liverpool,5,80,95,0,35,70.0,90.0,59.0,0.0,0.0,5,25,2.18,1.984615384615385,17.8,17.307692307692307,95.0,97.92307692307692,105.6,109.84615384615384,58.8,62.23076923076923,0.4,0.3076923076923077,1.2,1.6923076923076923,8.6,8.76923076923077,3.6,2.3076923076923075,20.4,25.23076923076923,81.0,85.61538461538461,105.6,109.84615384615384,58.8,62.23076923076923,0.4,0.3076923076923077,1.2,1.6923076923076923,0.2366666666666666,0.5306666666666667,0.4985648659720627,3,6,1,4,3,3,3.45,10.0,1.0,106.0,0.0,16.0,5.0,1.3,59.0,0.0769230769230769,0.0769230769230769,1.0,5.0,1.3,1.3,0.08125,0.3125,0.0625,0.0,90.0,0.0144444444444444,0.0111111111111111,0.0,0.0,1.0,0.0,0.0,0.1777777777777777
13,1.3,Home,Liverpool,5,80,95,0,35,70.0,90.0,59.0,0.0,0.0,5,25,2.18,1.984615384615385,17.8,17.307692307692307,95.0,97.92307692307692,105.6,109.84615384615384,58.8,62.23076923076923,0.4,0.3076923076923077,1.2,1.6923076923076923,8.6,8.76923076923077,3.6,2.3076923076923075,20.4,25.23076923076923,81.0,85.61538461538461,105.6,109.84615384615384,58.8,62.23076923076923,0.4,0.3076923076923077,1.2,1.6923076923076923,0.2366666666666666,0.5306666666666667,0.4985648659720627,3,6,1,4,3,3,3.45,10.0,1.0,106.0,0.0,16.0,5.0,1.3,59.0,0.0769230769230769,0.0769230769230769,1.0,5.0,1.3,1.3,0.08125,0.3125,0.0625,0.0,90.0,0.0144444444444444,0.0111111111111111,0.0,0.0,1.0,0.0,0.0,0.1777777777777777
13,1.3,Home,Liverpool,5,80,95,0,35,70.0,90.0,59.0,0.0,0.0,5,25,2.18,1.984615384615385,17.8,17.307692307692307,95.0,97.92307692307692,105.6,109.84615384615384,58.8,62.23076923076923,0.4,0.3076923076923077,1.2,1.6923076923076923,8.6,8.76923076923077,3.6,2.3076923076923075,20.4,25.23076923076923,81.0,85.61538461538461,105.6,109.84615384615384,58.8,62.23076923076923,0.4,0.3076923076923077,1.2,1.6923076923076923,0.2366666666666666,0.5306666666666667,0.4985648659720627,3,6,1,4,3,3,3.45,10.0,1.0,106.0,0.0,16.0,5.0,1.3,59.0,0.0769230769230769,0.0769230769230769,1.0,5.0,1.3,1.3,0.08125,0.3125,0.0625,0.0,90.0,0.0144444444444444,0.0111111111111111,0.0,0.0,1.0,0.0,0.0,0.1777777777777777
13,1.3,Home,Liverpool,5,80,95,0,35,70.0,90.0,59.0,0.0,0.0,5,25,2.18,1.984615384615385,17.8,17.307692307692307,95.0,97.92307692307692,105.6,109.84615384615384,58.8,62.23076923076923,0.4,0.3076923076923077,1.2,1.6923076923076923,8.6,8.76923076923077,3.6,2.3076923076923075,20.4,25.23076923076923,81.0,85.61538461538461,105.6,109.84615384615384,58.8,62.23076923076923,0.4,0.3076923076923077,1.2,1.6923076923076923,0.2366666666666666,0.5306666666666667,0.4985648659720627,3,6,1,4,3,3,3.45,10.0,1.0,106.0,0.0,16.0,5.0,1.3,59.0,0.0769230769230769,0.0769230769230769,1.0,5.0,1.3,1.3,0.08125,0.3125,0.0625,0.0,90.0,0.0144444444444444,0.0111111111111111,0.0,0.0,1.0,0.0,0.0,0.1777777777777777
13,1.3,Home,Liverpool,5,80,95,0,35,70.0,90.0,59.0,0.0,0.0,5,25,2.18,1.984615384615385,17.8,17.307692307692307,95.0,97.92307692307692,105.6,109.84615384615384,58.8,62.23076923076923,0.4,0.3076923076923077,1.2,1.6923076923076923,8.6,8.76923076923077,3.6,2.3076923076923075,20.4,25.23076923076923,81.0,85.61538461538461,105.6,109.84615384615384,58.8,62.23076923076923,0.4,0.3076923076923077,1.2,1.6923076923076923,0.2366666666666666,0.5306666666666667,0.4985648659720627,3,6,1,4,3,3,3.45,10.0,1.0,106.0,0.0,16.0,5.0,1.3,59.0,0.0769230769230769,0.0769230769230769,1.0,5.0,1.3,1.3,0.08125,0.3125,0.0625,0.0,90.0,0.0144444444444444,0.0111111111111111,0.0,0.0,1.0,0.0,0.0,0.1777777777777777
14,2.6,Home,Tottenham,10,85,120,5,60,80.0,90.0,55.0,2.0,4.0,0,25,2.54,2.0285714285714285,19.0,16.785714285714285,108.0,97.0,121.2,110.57142857142856,58.8,61.71428571428572,0.8,0.4285714285714285,2.0,1.8571428571428568,8.2,8.142857142857142,4.6,2.5,24.6,25.214285714285715,81.0,85.92857142857143,121.2,110.57142857142856,58.8,61.71428571428572,0.8,0.4285714285714285,2.0,1.8571428571428568,0.1955555555555555,0.5502222222222223,0.476921343799455,3,6,1,4,5,1,0.71,16.0,1.0,114.0,0.0,17.0,4.0,2.6,55.0,0.1428571428571428,0.2142857142857142,0.0,4.0,2.6,2.6,0.1529411764705882,0.2352941176470588,0.1176470588235294,1.0,90.0,0.0288888888888888,0.0222222222222222,0.0444444444444444,0.0222222222222222,7.0,0.0,-1.0,0.1888888888888888
14,2.6,Home,Tottenham,10,85,120,5,60,80.0,90.0,55.0,2.0,4.0,0,25,2.54,2.0285714285714285,19.0,16.785714285714285,108.0,97.0,121.2,110.57142857142856,58.8,61.71428571428572,0.8,0.4285714285714285,2.0,1.8571428571428568,8.2,8.142857142857142,4.6,2.5,24.6,25.214285714285715,81.0,85.92857142857143,121.2,110.57142857142856,58.8,61.71428571428572,0.8,0.4285714285714285,2.0,1.8571428571428568,0.1955555555555555,0.5502222222222223,0.476921343799455,3,6,1,4,5,1,0.71,16.0,1.0,114.0,0.0,17.0,4.0,2.6,55.0,0.1428571428571428,0.2142857142857142,0.0,4.0,2.6,2.6,0.1529411764705882,0.2352941176470588,0.1176470588235294,1.0,90.0,0.0288888888888888,0.0222222222222222,0.0444444444444444,0.0222222222222222,7.0,0.0,-1.0,0.1888888888888888
14,2.6,Home,Tottenham,10,85,120,5,60,80.0,90.0,55.0,2.0,4.0,0,25,2.54,2.0285714285714285,19.0,16.785714285714285,108.0,97.0,121.2,110.57142857142856,58.8,61.71428571428572,0.8,0.4285714285714285,2.0,1.8571428571428568,8.2,8.142857142857142,4.6,2.5,24.6,25.214285714285715,81.0,85.92857142857143,121.2,110.57142857142856,58.8,61.71428571428572,0.8,0.4285714285714285,2.0,1.8571428571428568,0.1955555555555555,0.5502222222222223,0.476921343799455,3,6,1,4,5,1,0.71,16.0,1.0,114.0,0.0,17.0,4.0,2.6,55.0,0.1428571428571428,0.2142857142857142,0.0,4.0,2.6,2.6,0.1529411764705882,0.2352941176470588,0.1176470588235294,1.0,90.0,0.0288888888888888,0.0222222222222222,0.0444444444444444,0.0222222222222222,7.0,0.0,-1.0,0.1888888888888888
14,2.6,Home,Tottenham,10,85,120,5,60,80.0,90.0,55.0,2.0,4.0,0,25,2.54,2.0285714285714285,19.0,16.785714285714285,108.0,97.0,121.2,110.57142857142856,58.8,61.71428571428572,0.8,0.4285714285714285,2.0,1.8571428571428568,8.2,8.142857142857142,4.6,2.5,24.6,25.214285714285715,81.0,85.92857142857143,121.2,110.57142857142856,58.8,61.71428571428572,0.8,0.4285714285714285,2.0,1.8571428571428568,0.1955555555555555,0.5502222222222223,0.476921343799455,3,6,1,4,5,1,0.71,16.0,1.0,114.0,0.0,17.0,4.0,2.6,55.0,0.1428571428571428,0.2142857142857142,0.0,4.0,2.6,2.6,0.1529411764705882,0.2352941176470588,0.1176470588235294,1.0,90.0,0.0288888888888888,0.0222222222222222,0.0444444444444444,0.0222222222222222,7.0,0.0,-1.0,0.1888888888888888
14,2.6,Home,Tottenham,10,85,120,5,60,80.0,90.0,55.0,2.0,4.0,0,25,2.54,2.0285714285714285,19.0,16.785714285714285,108.0,97.0,121.2,110.57142857142856,58.8,61.71428571428572,0.8,0.4285714285714285,2.0,1.8571428571428568,8.2,8.142857142857142,4.6,2.5,24.6,25.214285714285715,81.0,85.92857142857143,121.2,110.57142857142856,58.8,61.71428571428572,0.8,0.4285714285714285,2.0,1.8571428571428568,0.1955555555555555,0.5502222222222223,0.476921343799455,3,6,1,4,5,1,0.71,16.0,1.0,114.0,0.0,17.0,4.0,2.6,55.0,0.1428571428571428,0.2142857142857142,0.0,4.0,2.6,2.6,0.1529411764705882,0.2352941176470588,0.1176470588235294,1.0,90.0,0.0288888888888888,0.0222222222222222,0.0444444444444444,0.0222222222222222,7.0,0.0,-1.0,0.1888888888888888
15,0.6,Away,Aston Villa,0,4,30,0,14,70.0,90.0,54.0,0.0,1.0,0,4,1.86,1.9333333333333331,13.0,15.666666666666666,68.8,90.8,87.2,105.2,57.6,61.2,0.6,0.4,2.0,1.8,4.2,7.6,2.6,2.333333333333333,17.4,23.8,81.0,86.2,87.2,105.2,57.6,61.2,0.6,0.4,2.0,1.8,0.0066666666666666,0.2982222222222223,0.4455710319906025,3,6,1,4,5,1,0.57,1.0,0.0,117.0,1.0,2.0,2.0,0.6,54.0,0.0,0.0666666666666666,0.0,2.0,0.6,0.6,0.3,1.0,0.0,0.0,90.0,0.0066666666666666,0.0,0.0111111111111111,0.0,1.0,0.0,-1.0,0.0222222222222222
15,0.6,Away,Aston Villa,0,4,30,0,14,70.0,90.0,54.0,0.0,1.0,0,4,1.86,1.9333333333333331,13.0,15.666666666666666,68.8,90.8,87.2,105.2,57.6,61.2,0.6,0.4,2.0,1.8,4.2,7.6,2.6,2.333333333333333,17.4,23.8,81.0,86.2,87.2,105.2,57.6,61.2,0.6,0.4,2.0,1.8,0.0066666666666666,0.2982222222222223,0.4455710319906025,3,6,1,4,5,1,0.57,1.0,0.0,117.0,1.0,2.0,2.0,0.6,54.0,0.0,0.0666666666666666,0.0,2.0,0.6,0.6,0.3,1.0,0.0,0.0,90.0,0.0066666666666666,0.0,0.0111111111111111,0.0,1.0,0.0,-1.0,0.0222222222222222
16,1.6,Away,Luton Town,2,18,0,0,0,0.0,0.0,65.0,0.0,0.0,0,0,1.8,1.9125,9.8,14.8125,59.8,86.25,79.4,98.625,57.6,61.4375,0.6,0.375,1.6,1.6875,4.2,7.125,2.6,2.1875,15.6,22.3125,72.0,80.8125,79.4,98.625,57.6,61.4375,0.6,0.375,1.6,1.6875,1.6,0.6097777777777779,0.5177228424911898,4,5,1,3,4,3,-0.9,11.0,0.0,121.0,2.0,18.0,6.0,1.6,65.0,0.125,0.0625,0.0,6.0,1.6,1.6,0.0888888888888888,0.3333333333333333,0.1111111111111111,0.0,0.0,inf,inf,,,2.0,0.0,1.0,inf
17,1.6,Home,Crystal Palace,2,19,0,0,0,0.0,0.0,74.0,0.0,0.0,0,0,1.5400000000000005,1.894117647058824,3.8,14.058823529411764,41.2,82.29411764705883,49.0,92.82352941176472,61.4,62.1764705882353,0.4,0.3529411764705882,1.0,1.588235294117647,1.0,6.705882352941177,1.0,2.0588235294117645,10.8,21.0,54.0,76.05882352941177,49.0,92.82352941176472,61.4,62.1764705882353,0.4,0.3529411764705882,1.0,1.588235294117647,1.6,0.727777777777778,0.5813862046975904,4,5,1,5,4,1,-0.18,7.0,1.0,127.0,0.0,19.0,9.0,1.6,74.0,0.1176470588235294,0.1176470588235294,0.0,9.0,1.6,1.6,0.0842105263157894,0.4736842105263157,0.1052631578947368,0.0,0.0,inf,inf,,,2.0,0.0,0.0,inf
18,2.3,Home,Brentford,6,150,180,0,90,93.8,90.0,70.0,0.0,1.0,6,36,1.7400000000000002,1.9166666666666667,4.0,13.61111111111111,55.2,86.05555555555556,66.0,97.66666666666669,63.6,62.61111111111112,0.4,0.3333333333333333,1.2,1.5555555555555556,1.2,6.666666666666667,1.0,1.9444444444444444,13.0,21.83333333333333,54.0,76.83333333333333,66.0,97.66666666666669,63.6,62.61111111111112,0.4,0.3333333333333333,1.2,1.5555555555555556,0.2922222222222222,0.738888888888889,0.5653215390045144,4,5,1,3,5,2,-0.02,3.0,1.0,193.0,2.0,25.0,10.0,2.3,70.0,0.0555555555555555,0.0,1.0,10.0,2.3,2.3,0.092,0.4,0.04,0.0,90.0,0.0255555555555555,0.0111111111111111,0.0111111111111111,0.0,2.0,0.0,1.0,0.2777777777777778
18,2.3,Home,Brentford,6,150,180,0,90,93.8,90.0,70.0,0.0,1.0,6,36,1.7400000000000002,1.9166666666666667,4.0,13.61111111111111,55.2,86.05555555555556,66.0,97.66666666666669,63.6,62.61111111111112,0.4,0.3333333333333333,1.2,1.5555555555555556,1.2,6.666666666666667,1.0,1.9444444444444444,13.0,21.83333333333333,54.0,76.83333333333333,66.0,97.66666666666669,63.6,62.61111111111112,0.4,0.3333333333333333,1.2,1.5555555555555556,0.2922222222222222,0.738888888888889,0.5653215390045144,4,5,1,3,5,2,-0.02,3.0,1.0,193.0,2.0,25.0,10.0,2.3,70.0,0.0555555555555555,0.0,1.0,10.0,2.3,2.3,0.092,0.4,0.04,0.0,90.0,0.0255555555555555,0.0111111111111111,0.0111111111111111,0.0,2.0,0.0,1.0,0.2777777777777778
18,2.3,Home,Brentford,6,150,180,0,90,93.8,90.0,70.0,0.0,1.0,6,36,1.7400000000000002,1.9166666666666667,4.0,13.61111111111111,55.2,86.05555555555556,66.0,97.66666666666669,63.6,62.61111111111112,0.4,0.3333333333333333,1.2,1.5555555555555556,1.2,6.666666666666667,1.0,1.9444444444444444,13.0,21.83333333333333,54.0,76.83333333333333,66.0,97.66666666666669,63.6,62.61111111111112,0.4,0.3333333333333333,1.2,1.5555555555555556,0.2922222222222222,0.738888888888889,0.5653215390045144,4,5,1,3,5,2,-0.02,3.0,1.0,193.0,2.0,25.0,10.0,2.3,70.0,0.0555555555555555,0.0,1.0,10.0,2.3,2.3,0.092,0.4,0.04,0.0,90.0,0.0255555555555555,0.0111111111111111,0.0111111111111111,0.0,2.0,0.0,1.0,0.2777777777777778
18,2.3,Home,Brentford,6,150,180,0,90,93.8,90.0,70.0,0.0,1.0,6,36,1.7400000000000002,1.9166666666666667,4.0,13.61111111111111,55.2,86.05555555555556,66.0,97.66666666666669,63.6,62.61111111111112,0.4,0.3333333333333333,1.2,1.5555555555555556,1.2,6.666666666666667,1.0,1.9444444444444444,13.0,21.83333333333333,54.0,76.83333333333333,66.0,97.66666666666669,63.6,62.61111111111112,0.4,0.3333333333333333,1.2,1.5555555555555556,0.2922222222222222,0.738888888888889,0.5653215390045144,4,5,1,3,5,2,-0.02,3.0,1.0,193.0,2.0,25.0,10.0,2.3,70.0,0.0555555555555555,0.0,1.0,10.0,2.3,2.3,0.092,0.4,0.04,0.0,90.0,0.0255555555555555,0.0111111111111111,0.0111111111111111,0.0,2.0,0.0,1.0,0.2777777777777778
18,2.3,Home,Brentford,6,150,180,0,90,93.8,90.0,70.0,0.0,1.0,6,36,1.7400000000000002,1.9166666666666667,4.0,13.61111111111111,55.2,86.05555555555556,66.0,97.66666666666669,63.6,62.61111111111112,0.4,0.3333333333333333,1.2,1.5555555555555556,1.2,6.666666666666667,1.0,1.9444444444444444,13.0,21.83333333333333,54.0,76.83333333333333,66.0,97.66666666666669,63.6,62.61111111111112,0.4,0.3333333333333333,1.2,1.5555555555555556,0.2922222222222222,0.738888888888889,0.5653215390045144,4,5,1,3,5,2,-0.02,3.0,1.0,193.0,2.0,25.0,10.0,2.3,70.0,0.0555555555555555,0.0,1.0,10.0,2.3,2.3,0.092,0.4,0.04,0.0,90.0,0.0255555555555555,0.0111111111111111,0.0111111111111111,0.0,2.0,0.0,1.0,0.2777777777777778
18,2.3,Home,Brentford,6,150,180,0,90,93.8,90.0,70.0,0.0,1.0,6,36,1.7400000000000002,1.9166666666666667,4.0,13.61111111111111,55.2,86.05555555555556,66.0,97.66666666666669,63.6,62.61111111111112,0.4,0.3333333333333333,1.2,1.5555555555555556,1.2,6.666666666666667,1.0,1.9444444444444444,13.0,21.83333333333333,54.0,76.83333333333333,66.0,97.66666666666669,63.6,62.61111111111112,0.4,0.3333333333333333,1.2,1.5555555555555556,0.2922222222222222,0.738888888888889,0.5653215390045144,4,5,1,3,5,2,-0.02,3.0,1.0,193.0,2.0,25.0,10.0,2.3,70.0,0.0555555555555555,0.0,1.0,10.0,2.3,2.3,0.092,0.4,0.04,0.0,90.0,0.0255555555555555,0.0111111111111111,0.0111111111111111,0.0,2.0,0.0,1.0,0.2777777777777778
19,2.4,Away,Everton,3,22,0,0,0,0.0,0.0,72.0,0.0,0.0,0,0,1.7,1.9421052631578943,2.6,13.052631578947368,42.6,82.6842105263158,42.0,92.52631578947368,67.0,63.10526315789474,0.0,0.3157894736842105,0.4,1.4736842105263157,1.2,6.315789473684211,0.0,1.8421052631578947,8.0,20.68421052631579,36.0,72.78947368421052,42.0,92.52631578947368,67.0,63.10526315789474,0.0,0.3157894736842105,0.4,1.4736842105263157,2.4,1.1797777777777778,0.6618835632674347,4,5,1,4,5,1,-0.1,8.0,0.0,138.0,2.0,22.0,8.0,2.4,72.0,0.1578947368421052,0.0526315789473684,0.0,8.0,2.4,1.8,0.109090909090909,0.3636363636363636,0.1363636363636363,0.0,0.0,inf,inf,,,3.0,0.0,2.0,inf
20,2.2,Home,Sheffield Utd,2,18,0,0,0,0.0,0.0,80.0,0.0,0.0,0,0,2.0200000000000005,1.955,3.0,12.5,45.4,79.45,36.0,87.9,72.2,63.95,0.0,0.3,0.2,1.4,1.2,6.0,0.0,1.75,7.2,19.65,18.0,69.15,36.0,87.9,72.2,63.95,0.0,0.3,0.2,1.4,2.2,1.6184444444444446,0.738789385104063,4,5,1,3,4,3,-1.03,15.0,1.0,141.0,2.0,18.0,4.0,2.2,80.0,0.1,0.0,0.0,4.0,2.2,2.2,0.1222222222222222,0.2222222222222222,0.1111111111111111,0.0,0.0,inf,inf,,,2.0,0.0,2.0,inf
21,3.0,Away,Newcastle Utd,3,27,0,0,0,0.0,0.0,72.0,0.0,0.0,0,0,2.3,2.0047619047619047,3.2,12.047619047619047,47.2,76.95238095238095,36.0,83.71428571428571,73.6,64.33333333333333,0.0,0.2857142857142857,0.2,1.3333333333333333,1.2,5.714285714285714,0.0,1.6666666666666667,7.2,18.714285714285715,18.0,65.85714285714286,36.0,83.71428571428571,73.6,64.33333333333333,0.0,0.2857142857142857,0.2,1.3333333333333333,3.0,1.8984444444444448,0.8464660810514886,4,5,1,4,3,3,0.96,13.0,0.0,155.0,2.0,27.0,11.0,3.0,72.0,0.1428571428571428,0.0952380952380952,0.0,11.0,3.0,3.0,0.1111111111111111,0.4074074074074074,0.1111111111111111,0.0,0.0,inf,inf,,,3.0,0.0,1.0,inf
22,1.7,Home,Burnley,6,28,16,0,6,75.0,20.0,74.0,0.0,1.0,0,4,2.32,1.9909090909090907,4.0,11.772727272727272,49.0,74.72727272727273,39.2,80.63636363636364,73.6,64.77272727272727,0.0,0.2727272727272727,0.4,1.318181818181818,1.2,5.454545454545454,0.0,1.5909090909090908,8.0,18.045454545454547,22.0,63.77272727272727,39.2,80.63636363636364,73.6,64.77272727272727,0.0,0.2727272727272727,0.4,1.318181818181818,0.0849999999999999,1.5954444444444449,0.8118539864582391,4,5,1,4,4,2,-0.79,5.0,1.0,173.0,2.0,14.0,4.0,1.7,74.0,0.1363636363636363,0.0454545454545454,0.0,4.0,1.7,1.7,0.1214285714285714,0.2857142857142857,0.2142857142857142,0.0,20.0,0.0849999999999999,0.15,0.05,0.0,4.0,0.0,2.0,0.7
22,1.7,Home,Burnley,6,28,16,0,6,75.0,20.0,74.0,0.0,1.0,0,4,2.32,1.9909090909090907,4.0,11.772727272727272,49.0,74.72727272727273,39.2,80.63636363636364,73.6,64.77272727272727,0.0,0.2727272727272727,0.4,1.318181818181818,1.2,5.454545454545454,0.0,1.5909090909090908,8.0,18.045454545454547,22.0,63.77272727272727,39.2,80.63636363636364,73.6,64.77272727272727,0.0,0.2727272727272727,0.4,1.318181818181818,0.0849999999999999,1.5954444444444449,0.8118539864582391,4,5,1,4,4,2,-0.79,5.0,1.0,173.0,2.0,14.0,4.0,1.7,74.0,0.1363636363636363,0.0454545454545454,0.0,4.0,1.7,1.7,0.1214285714285714,0.2857142857142857,0.2142857142857142,0.0,20.0,0.0849999999999999,0.15,0.05,0.0,4.0,0.0,2.0,0.7
23,2.1,Away,Brentford,9,75,69,3,36,70.6,85.0,72.0,1.0,2.0,0,9,2.28,1.9956521739130435,4.6,11.652173913043478,34.0,74.73913043478261,17.0,80.1304347826087,74.0,65.08695652173913,0.2,0.3043478260869565,0.6,1.3478260869565215,0.0,5.217391304347826,0.6,1.6521739130434785,2.6,17.652173913043477,21.0,64.69565217391305,17.0,80.1304347826087,74.0,65.08695652173913,0.2,0.3043478260869565,0.6,1.3478260869565215,0.1305882352941176,1.5631176470588235,0.7822337364076251,4,5,1,3,5,2,-0.02,3.0,0.0,178.0,2.0,25.0,15.0,2.1,72.0,0.1304347826086956,0.0434782608695652,0.0,15.0,2.1,2.1,0.084,0.6,0.12,1.0,85.0,0.0247058823529411,0.0352941176470588,0.0235294117647058,0.0117647058823529,6.0,0.0,2.0,0.2941176470588235
23,2.1,Away,Brentford,9,75,69,3,36,70.6,85.0,72.0,1.0,2.0,0,9,2.28,1.9956521739130435,4.6,11.652173913043478,34.0,74.73913043478261,17.0,80.1304347826087,74.0,65.08695652173913,0.2,0.3043478260869565,0.6,1.3478260869565215,0.0,5.217391304347826,0.6,1.6521739130434785,2.6,17.652173913043477,21.0,64.69565217391305,17.0,80.1304347826087,74.0,65.08695652173913,0.2,0.3043478260869565,0.6,1.3478260869565215,0.1305882352941176,1.5631176470588235,0.7822337364076251,4,5,1,3,5,2,-0.02,3.0,0.0,178.0,2.0,25.0,15.0,2.1,72.0,0.1304347826086956,0.0434782608695652,0.0,15.0,2.1,2.1,0.084,0.6,0.12,1.0,85.0,0.0247058823529411,0.0352941176470588,0.0235294117647058,0.0117647058823529,6.0,0.0,2.0,0.2941176470588235
23,2.1,Away,Brentford,9,75,69,3,36,70.6,85.0,72.0,1.0,2.0,0,9,2.28,1.9956521739130435,4.6,11.652173913043478,34.0,74.73913043478261,17.0,80.1304347826087,74.0,65.08695652173913,0.2,0.3043478260869565,0.6,1.3478260869565215,0.0,5.217391304347826,0.6,1.6521739130434785,2.6,17.652173913043477,21.0,64.69565217391305,17.0,80.1304347826087,74.0,65.08695652173913,0.2,0.3043478260869565,0.6,1.3478260869565215,0.1305882352941176,1.5631176470588235,0.7822337364076251,4,5,1,3,5,2,-0.02,3.0,0.0,178.0,2.0,25.0,15.0,2.1,72.0,0.1304347826086956,0.0434782608695652,0.0,15.0,2.1,2.1,0.084,0.6,0.12,1.0,85.0,0.0247058823529411,0.0352941176470588,0.0235294117647058,0.0117647058823529,6.0,0.0,2.0,0.2941176470588235
24,1.6,Home,Everton,16,152,176,0,96,92.3,90.0,72.0,1.0,3.0,16,32,2.12,1.9791666666666667,7.2,11.833333333333334,60.0,77.95833333333333,52.2,84.125,74.0,65.375,0.4,0.3333333333333333,1.2,1.4166666666666667,3.2,5.666666666666667,0.6,1.5833333333333333,9.0,18.25,39.0,65.75,52.2,84.125,74.0,65.375,0.4,0.3333333333333333,1.2,1.4166666666666667,0.7288888888888888,1.2288954248366015,0.7800110344276777,4,5,1,4,5,1,-0.1,8.0,1.0,183.0,2.0,19.0,3.0,1.6,72.0,0.0833333333333333,0.0,2.0,3.0,1.6,1.6,0.0842105263157894,0.1578947368421052,0.1052631578947368,0.0,90.0,0.0177777777777777,0.0222222222222222,0.0333333333333333,0.0111111111111111,5.0,0.0,2.0,0.2111111111111111
24,1.6,Home,Everton,16,152,176,0,96,92.3,90.0,72.0,1.0,3.0,16,32,2.12,1.9791666666666667,7.2,11.833333333333334,60.0,77.95833333333333,52.2,84.125,74.0,65.375,0.4,0.3333333333333333,1.2,1.4166666666666667,3.2,5.666666666666667,0.6,1.5833333333333333,9.0,18.25,39.0,65.75,52.2,84.125,74.0,65.375,0.4,0.3333333333333333,1.2,1.4166666666666667,0.7288888888888888,1.2288954248366015,0.7800110344276777,4,5,1,4,5,1,-0.1,8.0,1.0,183.0,2.0,19.0,3.0,1.6,72.0,0.0833333333333333,0.0,2.0,3.0,1.6,1.6,0.0842105263157894,0.1578947368421052,0.1052631578947368,0.0,90.0,0.0177777777777777,0.0222222222222222,0.0333333333333333,0.0111111111111111,5.0,0.0,2.0,0.2111111111111111
24,1.6,Home,Everton,16,152,176,0,96,92.3,90.0,72.0,1.0,3.0,16,32,2.12,1.9791666666666667,7.2,11.833333333333334,60.0,77.95833333333333,52.2,84.125,74.0,65.375,0.4,0.3333333333333333,1.2,1.4166666666666667,3.2,5.666666666666667,0.6,1.5833333333333333,9.0,18.25,39.0,65.75,52.2,84.125,74.0,65.375,0.4,0.3333333333333333,1.2,1.4166666666666667,0.7288888888888888,1.2288954248366015,0.7800110344276777,4,5,1,4,5,1,-0.1,8.0,1.0,183.0,2.0,19.0,3.0,1.6,72.0,0.0833333333333333,0.0,2.0,3.0,1.6,1.6,0.0842105263157894,0.1578947368421052,0.1052631578947368,0.0,90.0,0.0177777777777777,0.0222222222222222,0.0333333333333333,0.0111111111111111,5.0,0.0,2.0,0.2111111111111111
24,1.6,Home,Everton,16,152,176,0,96,92.3,90.0,72.0,1.0,3.0,16,32,2.12,1.9791666666666667,7.2,11.833333333333334,60.0,77.95833333333333,52.2,84.125,74.0,65.375,0.4,0.3333333333333333,1.2,1.4166666666666667,3.2,5.666666666666667,0.6,1.5833333333333333,9.0,18.25,39.0,65.75,52.2,84.125,74.0,65.375,0.4,0.3333333333333333,1.2,1.4166666666666667,0.7288888888888888,1.2288954248366015,0.7800110344276777,4,5,1,4,5,1,-0.1,8.0,1.0,183.0,2.0,19.0,3.0,1.6,72.0,0.0833333333333333,0.0,2.0,3.0,1.6,1.6,0.0842105263157894,0.1578947368421052,0.1052631578947368,0.0,90.0,0.0177777777777777,0.0222222222222222,0.0333333333333333,0.0111111111111111,5.0,0.0,2.0,0.2111111111111111
24,1.6,Home,Everton,16,152,176,0,96,92.3,90.0,72.0,1.0,3.0,16,32,2.12,1.9791666666666667,7.2,11.833333333333334,60.0,77.95833333333333,52.2,84.125,74.0,65.375,0.4,0.3333333333333333,1.2,1.4166666666666667,3.2,5.666666666666667,0.6,1.5833333333333333,9.0,18.25,39.0,65.75,52.2,84.125,74.0,65.375,0.4,0.3333333333333333,1.2,1.4166666666666667,0.7288888888888888,1.2288954248366015,0.7800110344276777,4,5,1,4,5,1,-0.1,8.0,1.0,183.0,2.0,19.0,3.0,1.6,72.0,0.0833333333333333,0.0,2.0,3.0,1.6,1.6,0.0842105263157894,0.1578947368421052,0.1052631578947368,0.0,90.0,0.0177777777777777,0.0222222222222222,0.0333333333333333,0.0111111111111111,5.0,0.0,2.0,0.2111111111111111
24,1.6,Home,Everton,16,152,176,0,96,92.3,90.0,72.0,1.0,3.0,16,32,2.12,1.9791666666666667,7.2,11.833333333333334,60.0,77.95833333333333,52.2,84.125,74.0,65.375,0.4,0.3333333333333333,1.2,1.4166666666666667,3.2,5.666666666666667,0.6,1.5833333333333333,9.0,18.25,39.0,65.75,52.2,84.125,74.0,65.375,0.4,0.3333333333333333,1.2,1.4166666666666667,0.7288888888888888,1.2288954248366015,0.7800110344276777,4,5,1,4,5,1,-0.1,8.0,1.0,183.0,2.0,19.0,3.0,1.6,72.0,0.0833333333333333,0.0,2.0,3.0,1.6,1.6,0.0842105263157894,0.1578947368421052,0.1052631578947368,0.0,90.0,0.0177777777777777,0.0222222222222222,0.0333333333333333,0.0111111111111111,5.0,0.0,2.0,0.2111111111111111
24,1.6,Home,Everton,16,152,176,0,96,92.3,90.0,72.0,1.0,3.0,16,32,2.12,1.9791666666666667,7.2,11.833333333333334,60.0,77.95833333333333,52.2,84.125,74.0,65.375,0.4,0.3333333333333333,1.2,1.4166666666666667,3.2,5.666666666666667,0.6,1.5833333333333333,9.0,18.25,39.0,65.75,52.2,84.125,74.0,65.375,0.4,0.3333333333333333,1.2,1.4166666666666667,0.7288888888888888,1.2288954248366015,0.7800110344276777,4,5,1,4,5,1,-0.1,8.0,1.0,183.0,2.0,19.0,3.0,1.6,72.0,0.0833333333333333,0.0,2.0,3.0,1.6,1.6,0.0842105263157894,0.1578947368421052,0.1052631578947368,0.0,90.0,0.0177777777777777,0.0222222222222222,0.0333333333333333,0.0111111111111111,5.0,0.0,2.0,0.2111111111111111
24,1.6,Home,Everton,16,152,176,0,96,92.3,90.0,72.0,1.0,3.0,16,32,2.12,1.9791666666666667,7.2,11.833333333333334,60.0,77.95833333333333,52.2,84.125,74.0,65.375,0.4,0.3333333333333333,1.2,1.4166666666666667,3.2,5.666666666666667,0.6,1.5833333333333333,9.0,18.25,39.0,65.75,52.2,84.125,74.0,65.375,0.4,0.3333333333333333,1.2,1.4166666666666667,0.7288888888888888,1.2288954248366015,0.7800110344276777,4,5,1,4,5,1,-0.1,8.0,1.0,183.0,2.0,19.0,3.0,1.6,72.0,0.0833333333333333,0.0,2.0,3.0,1.6,1.6,0.0842105263157894,0.1578947368421052,0.1052631578947368,0.0,90.0,0.0177777777777777,0.0222222222222222,0.0333333333333333,0.0111111111111111,5.0,0.0,2.0,0.2111111111111111
25,2.6,Home,Chelsea,10,310,260,0,90,75.0,90.0,70.0,0.0,2.0,0,90,2.2,2.004,8.8,11.76,118.4,87.24,104.2,91.16,72.0,65.56,0.4,0.32,1.6,1.44,3.2,5.44,0.6,1.52,27.0,21.12,57.0,66.72,104.2,91.16,72.0,65.56,0.4,0.32,1.6,1.44,0.0288888888888888,0.7946732026143792,0.7499661486061262,4,5,1,4,5,1,0.88,6.0,1.0,190.0,0.0,31.0,5.0,2.6,70.0,0.04,0.04,0.0,5.0,2.6,2.6,0.0838709677419354,0.1612903225806451,0.032258064516129,0.0,90.0,0.0288888888888888,0.0111111111111111,0.0222222222222222,0.0,3.0,0.0,0.0,0.3444444444444444
25,2.6,Home,Chelsea,10,310,260,0,90,75.0,90.0,70.0,0.0,2.0,0,90,2.2,2.004,8.8,11.76,118.4,87.24,104.2,91.16,72.0,65.56,0.4,0.32,1.6,1.44,3.2,5.44,0.6,1.52,27.0,21.12,57.0,66.72,104.2,91.16,72.0,65.56,0.4,0.32,1.6,1.44,0.0288888888888888,0.7946732026143792,0.7499661486061262,4,5,1,4,5,1,0.88,6.0,1.0,190.0,0.0,31.0,5.0,2.6,70.0,0.04,0.04,0.0,5.0,2.6,2.6,0.0838709677419354,0.1612903225806451,0.032258064516129,0.0,90.0,0.0288888888888888,0.0111111111111111,0.0222222222222222,0.0,3.0,0.0,0.0,0.3444444444444444
25,2.6,Home,Chelsea,10,310,260,0,90,75.0,90.0,70.0,0.0,2.0,0,90,2.2,2.004,8.8,11.76,118.4,87.24,104.2,91.16,72.0,65.56,0.4,0.32,1.6,1.44,3.2,5.44,0.6,1.52,27.0,21.12,57.0,66.72,104.2,91.16,72.0,65.56,0.4,0.32,1.6,1.44,0.0288888888888888,0.7946732026143792,0.7499661486061262,4,5,1,4,5,1,0.88,6.0,1.0,190.0,0.0,31.0,5.0,2.6,70.0,0.04,0.04,0.0,5.0,2.6,2.6,0.0838709677419354,0.1612903225806451,0.032258064516129,0.0,90.0,0.0288888888888888,0.0111111111111111,0.0222222222222222,0.0,3.0,0.0,0.0,0.3444444444444444
25,2.6,Home,Chelsea,10,310,260,0,90,75.0,90.0,70.0,0.0,2.0,0,90,2.2,2.004,8.8,11.76,118.4,87.24,104.2,91.16,72.0,65.56,0.4,0.32,1.6,1.44,3.2,5.44,0.6,1.52,27.0,21.12,57.0,66.72,104.2,91.16,72.0,65.56,0.4,0.32,1.6,1.44,0.0288888888888888,0.7946732026143792,0.7499661486061262,4,5,1,4,5,1,0.88,6.0,1.0,190.0,0.0,31.0,5.0,2.6,70.0,0.04,0.04,0.0,5.0,2.6,2.6,0.0838709677419354,0.1612903225806451,0.032258064516129,0.0,90.0,0.0288888888888888,0.0111111111111111,0.0222222222222222,0.0,3.0,0.0,0.0,0.3444444444444444
25,2.6,Home,Chelsea,10,310,260,0,90,75.0,90.0,70.0,0.0,2.0,0,90,2.2,2.004,8.8,11.76,118.4,87.24,104.2,91.16,72.0,65.56,0.4,0.32,1.6,1.44,3.2,5.44,0.6,1.52,27.0,21.12,57.0,66.72,104.2,91.16,72.0,65.56,0.4,0.32,1.6,1.44,0.0288888888888888,0.7946732026143792,0.7499661486061262,4,5,1,4,5,1,0.88,6.0,1.0,190.0,0.0,31.0,5.0,2.6,70.0,0.04,0.04,0.0,5.0,2.6,2.6,0.0838709677419354,0.1612903225806451,0.032258064516129,0.0,90.0,0.0288888888888888,0.0111111111111111,0.0222222222222222,0.0,3.0,0.0,0.0,0.3444444444444444
25,2.6,Home,Chelsea,10,310,260,0,90,75.0,90.0,70.0,0.0,2.0,0,90,2.2,2.004,8.8,11.76,118.4,87.24,104.2,91.16,72.0,65.56,0.4,0.32,1.6,1.44,3.2,5.44,0.6,1.52,27.0,21.12,57.0,66.72,104.2,91.16,72.0,65.56,0.4,0.32,1.6,1.44,0.0288888888888888,0.7946732026143792,0.7499661486061262,4,5,1,4,5,1,0.88,6.0,1.0,190.0,0.0,31.0,5.0,2.6,70.0,0.04,0.04,0.0,5.0,2.6,2.6,0.0838709677419354,0.1612903225806451,0.032258064516129,0.0,90.0,0.0288888888888888,0.0111111111111111,0.0222222222222222,0.0,3.0,0.0,0.0,0.3444444444444444
25,2.6,Home,Chelsea,10,310,260,0,90,75.0,90.0,70.0,0.0,2.0,0,90,2.2,2.004,8.8,11.76,118.4,87.24,104.2,91.16,72.0,65.56,0.4,0.32,1.6,1.44,3.2,5.44,0.6,1.52,27.0,21.12,57.0,66.72,104.2,91.16,72.0,65.56,0.4,0.32,1.6,1.44,0.0288888888888888,0.7946732026143792,0.7499661486061262,4,5,1,4,5,1,0.88,6.0,1.0,190.0,0.0,31.0,5.0,2.6,70.0,0.04,0.04,0.0,5.0,2.6,2.6,0.0838709677419354,0.1612903225806451,0.032258064516129,0.0,90.0,0.0288888888888888,0.0111111111111111,0.0222222222222222,0.0,3.0,0.0,0.0,0.3444444444444444
25,2.6,Home,Chelsea,10,310,260,0,90,75.0,90.0,70.0,0.0,2.0,0,90,2.2,2.004,8.8,11.76,118.4,87.24,104.2,91.16,72.0,65.56,0.4,0.32,1.6,1.44,3.2,5.44,0.6,1.52,27.0,21.12,57.0,66.72,104.2,91.16,72.0,65.56,0.4,0.32,1.6,1.44,0.0288888888888888,0.7946732026143792,0.7499661486061262,4,5,1,4,5,1,0.88,6.0,1.0,190.0,0.0,31.0,5.0,2.6,70.0,0.04,0.04,0.0,5.0,2.6,2.6,0.0838709677419354,0.1612903225806451,0.032258064516129,0.0,90.0,0.0288888888888888,0.0111111111111111,0.0222222222222222,0.0,3.0,0.0,0.0,0.3444444444444444
25,2.6,Home,Chelsea,10,310,260,0,90,75.0,90.0,70.0,0.0,2.0,0,90,2.2,2.004,8.8,11.76,118.4,87.24,104.2,91.16,72.0,65.56,0.4,0.32,1.6,1.44,3.2,5.44,0.6,1.52,27.0,21.12,57.0,66.72,104.2,91.16,72.0,65.56,0.4,0.32,1.6,1.44,0.0288888888888888,0.7946732026143792,0.7499661486061262,4,5,1,4,5,1,0.88,6.0,1.0,190.0,0.0,31.0,5.0,2.6,70.0,0.04,0.04,0.0,5.0,2.6,2.6,0.0838709677419354,0.1612903225806451,0.032258064516129,0.0,90.0,0.0288888888888888,0.0111111111111111,0.0222222222222222,0.0,3.0,0.0,0.0,0.3444444444444444
25,2.6,Home,Chelsea,10,310,260,0,90,75.0,90.0,70.0,0.0,2.0,0,90,2.2,2.004,8.8,11.76,118.4,87.24,104.2,91.16,72.0,65.56,0.4,0.32,1.6,1.44,3.2,5.44,0.6,1.52,27.0,21.12,57.0,66.72,104.2,91.16,72.0,65.56,0.4,0.32,1.6,1.44,0.0288888888888888,0.7946732026143792,0.7499661486061262,4,5,1,4,5,1,0.88,6.0,1.0,190.0,0.0,31.0,5.0,2.6,70.0,0.04,0.04,0.0,5.0,2.6,2.6,0.0838709677419354,0.1612903225806451,0.032258064516129,0.0,90.0,0.0288888888888888,0.0111111111111111,0.0222222222222222,0.0,3.0,0.0,0.0,0.3444444444444444
26,1.6,Away,Bournemouth,4,60,116,0,64,76.2,74.0,62.0,1.0,3.0,0,16,1.92,1.9884615384615385,9.0,11.461538461538462,125.0,86.1923076923077,127.4,92.1153846153846,70.0,65.42307692307692,0.6,0.3461538461538461,2.2,1.5,3.2,5.230769230769231,0.6,1.4615384615384617,30.2,20.923076923076923,71.8,67.0,127.4,92.1153846153846,70.0,65.42307692307692,0.6,0.3461538461538461,2.2,1.5,0.0216216216216216,0.1989975269387034,0.7219528975682606,3,6,1,4,5,1,-0.48,2.0,0.0,197.0,2.0,15.0,6.0,1.6,62.0,0.0384615384615384,0.0,0.0,6.0,1.6,1.6,0.1066666666666666,0.4,0.0666666666666666,0.0,74.0,0.0216216216216216,0.0135135135135135,0.0405405405405405,0.0135135135135135,4.0,0.0,1.0,0.2027027027027027
26,1.6,Away,Bournemouth,4,60,116,0,64,76.2,74.0,62.0,1.0,3.0,0,16,1.92,1.9884615384615385,9.0,11.461538461538462,125.0,86.1923076923077,127.4,92.1153846153846,70.0,65.42307692307692,0.6,0.3461538461538461,2.2,1.5,3.2,5.230769230769231,0.6,1.4615384615384617,30.2,20.923076923076923,71.8,67.0,127.4,92.1153846153846,70.0,65.42307692307692,0.6,0.3461538461538461,2.2,1.5,0.0216216216216216,0.1989975269387034,0.7219528975682606,3,6,1,4,5,1,-0.48,2.0,0.0,197.0,2.0,15.0,6.0,1.6,62.0,0.0384615384615384,0.0,0.0,6.0,1.6,1.6,0.1066666666666666,0.4,0.0666666666666666,0.0,74.0,0.0216216216216216,0.0135135135135135,0.0405405405405405,0.0135135135135135,4.0,0.0,1.0,0.2027027027027027
26,1.6,Away,Bournemouth,4,60,116,0,64,76.2,74.0,62.0,1.0,3.0,0,16,1.92,1.9884615384615385,9.0,11.461538461538462,125.0,86.1923076923077,127.4,92.1153846153846,70.0,65.42307692307692,0.6,0.3461538461538461,2.2,1.5,3.2,5.230769230769231,0.6,1.4615384615384617,30.2,20.923076923076923,71.8,67.0,127.4,92.1153846153846,70.0,65.42307692307692,0.6,0.3461538461538461,2.2,1.5,0.0216216216216216,0.1989975269387034,0.7219528975682606,3,6,1,4,5,1,-0.48,2.0,0.0,197.0,2.0,15.0,6.0,1.6,62.0,0.0384615384615384,0.0,0.0,6.0,1.6,1.6,0.1066666666666666,0.4,0.0666666666666666,0.0,74.0,0.0216216216216216,0.0135135135135135,0.0405405405405405,0.0135135135135135,4.0,0.0,1.0,0.2027027027027027
26,1.6,Away,Bournemouth,4,60,116,0,64,76.2,74.0,62.0,1.0,3.0,0,16,1.92,1.9884615384615385,9.0,11.461538461538462,125.0,86.1923076923077,127.4,92.1153846153846,70.0,65.42307692307692,0.6,0.3461538461538461,2.2,1.5,3.2,5.230769230769231,0.6,1.4615384615384617,30.2,20.923076923076923,71.8,67.0,127.4,92.1153846153846,70.0,65.42307692307692,0.6,0.3461538461538461,2.2,1.5,0.0216216216216216,0.1989975269387034,0.7219528975682606,3,6,1,4,5,1,-0.48,2.0,0.0,197.0,2.0,15.0,6.0,1.6,62.0,0.0384615384615384,0.0,0.0,6.0,1.6,1.6,0.1066666666666666,0.4,0.0666666666666666,0.0,74.0,0.0216216216216216,0.0135135135135135,0.0405405405405405,0.0135135135135135,4.0,0.0,1.0,0.2027027027027027
27,3.3,Home,Manchester Utd,12,108,56,0,20,71.4,90.0,73.0,0.0,2.0,4,16,2.24,2.037037037037037,10.2,11.48148148148148,141.0,87.0,135.4,90.77777777777776,69.8,65.70370370370371,0.6,0.3333333333333333,2.4,1.5185185185185186,4.0,5.185185185185185,0.6,1.4074074074074074,32.6,20.74074074074074,85.8,67.85185185185185,135.4,90.77777777777776,69.8,65.70370370370371,0.6,0.3333333333333333,2.4,1.5185185185185186,0.2144444444444444,0.2248864158275923,0.7031562881933046,3,6,1,4,6,0,-0.29,12.0,1.0,205.0,2.0,27.0,8.0,3.3,73.0,0.1111111111111111,0.037037037037037,1.0,8.0,3.3,3.3,0.1222222222222222,0.2962962962962963,0.1111111111111111,0.0,90.0,0.0366666666666666,0.0333333333333333,0.0222222222222222,0.0,5.0,0.0,2.0,0.3
27,3.3,Home,Manchester Utd,12,108,56,0,20,71.4,90.0,73.0,0.0,2.0,4,16,2.24,2.037037037037037,10.2,11.48148148148148,141.0,87.0,135.4,90.77777777777776,69.8,65.70370370370371,0.6,0.3333333333333333,2.4,1.5185185185185186,4.0,5.185185185185185,0.6,1.4074074074074074,32.6,20.74074074074074,85.8,67.85185185185185,135.4,90.77777777777776,69.8,65.70370370370371,0.6,0.3333333333333333,2.4,1.5185185185185186,0.2144444444444444,0.2248864158275923,0.7031562881933046,3,6,1,4,6,0,-0.29,12.0,1.0,205.0,2.0,27.0,8.0,3.3,73.0,0.1111111111111111,0.037037037037037,1.0,8.0,3.3,3.3,0.1222222222222222,0.2962962962962963,0.1111111111111111,0.0,90.0,0.0366666666666666,0.0333333333333333,0.0222222222222222,0.0,5.0,0.0,2.0,0.3
27,3.3,Home,Manchester Utd,12,108,56,0,20,71.4,90.0,73.0,0.0,2.0,4,16,2.24,2.037037037037037,10.2,11.48148148148148,141.0,87.0,135.4,90.77777777777776,69.8,65.70370370370371,0.6,0.3333333333333333,2.4,1.5185185185185186,4.0,5.185185185185185,0.6,1.4074074074074074,32.6,20.74074074074074,85.8,67.85185185185185,135.4,90.77777777777776,69.8,65.70370370370371,0.6,0.3333333333333333,2.4,1.5185185185185186,0.2144444444444444,0.2248864158275923,0.7031562881933046,3,6,1,4,6,0,-0.29,12.0,1.0,205.0,2.0,27.0,8.0,3.3,73.0,0.1111111111111111,0.037037037037037,1.0,8.0,3.3,3.3,0.1222222222222222,0.2962962962962963,0.1111111111111111,0.0,90.0,0.0366666666666666,0.0333333333333333,0.0222222222222222,0.0,5.0,0.0,2.0,0.3
27,3.3,Home,Manchester Utd,12,108,56,0,20,71.4,90.0,73.0,0.0,2.0,4,16,2.24,2.037037037037037,10.2,11.48148148148148,141.0,87.0,135.4,90.77777777777776,69.8,65.70370370370371,0.6,0.3333333333333333,2.4,1.5185185185185186,4.0,5.185185185185185,0.6,1.4074074074074074,32.6,20.74074074074074,85.8,67.85185185185185,135.4,90.77777777777776,69.8,65.70370370370371,0.6,0.3333333333333333,2.4,1.5185185185185186,0.2144444444444444,0.2248864158275923,0.7031562881933046,3,6,1,4,6,0,-0.29,12.0,1.0,205.0,2.0,27.0,8.0,3.3,73.0,0.1111111111111111,0.037037037037037,1.0,8.0,3.3,3.3,0.1222222222222222,0.2962962962962963,0.1111111111111111,0.0,90.0,0.0366666666666666,0.0333333333333333,0.0222222222222222,0.0,5.0,0.0,2.0,0.3
28,1.6,Away,Liverpool,1,10,19,0,12,80.0,90.0,47.0,0.0,4.0,0,1,2.14,2.021428571428572,8.6,11.107142857142858,128.0,84.25,125.4,88.21428571428571,64.8,65.03571428571429,0.4,0.3214285714285714,2.8,1.6071428571428572,4.0,5.0,0.0,1.3571428571428572,31.0,20.035714285714285,86.8,68.64285714285714,125.4,88.21428571428571,64.8,65.03571428571429,0.4,0.3214285714285714,2.8,1.6071428571428572,0.0177777777777777,0.2023243243243244,0.6786784842498929,3,6,1,4,3,3,3.45,10.0,0.0,212.0,0.0,10.0,6.0,1.6,47.0,0.0357142857142857,0.0357142857142857,0.0,6.0,1.6,1.6,0.16,0.6,0.1,0.0,90.0,0.0177777777777777,0.0111111111111111,0.0444444444444444,0.0,5.0,0.0,0.0,0.1111111111111111
29,1.4,Away,Brighton,4,14,0,0,0,0.0,0.0,64.0,0.0,0.0,0,0,2.1,2.0,6.2,10.862068965517242,100.4,81.82758620689656,90.2,85.17241379310344,63.2,65.0,0.2,0.3103448275862069,2.2,1.5517241379310345,0.8,4.827586206896552,0.0,1.3103448275862069,24.6,19.344827586206897,68.8,66.27586206896552,90.2,85.17241379310344,63.2,65.0,0.2,0.3103448275862069,2.2,1.5517241379310345,1.4,0.3365465465465466,0.7035516399654137,4,5,1,4,5,1,-0.21,4.0,0.0,258.0,2.0,14.0,6.0,1.4,64.0,0.1379310344827586,0.0,0.0,6.0,1.4,1.4,0.0999999999999999,0.4285714285714285,0.2857142857142857,0.0,0.0,inf,inf,,,4.0,0.0,4.0,inf
30,1.0,Home,Arsenal,0,48,76,0,28,63.6,90.0,72.0,0.0,1.0,0,16,1.78,1.9666666666666663,4.2,10.5,48.0,80.7,53.4,84.86666666666666,63.6,65.23333333333333,0.2,0.3,2.0,1.5333333333333334,0.8,4.666666666666667,0.0,1.2666666666666666,9.8,19.23333333333333,68.8,67.06666666666666,53.4,84.86666666666666,63.6,65.23333333333333,0.2,0.3,2.0,1.5333333333333334,0.0111111111111111,0.332990990990991,0.6804702890036036,4,5,1,4,3,3,4.07,0.0,1.0,233.0,0.0,12.0,1.0,1.0,72.0,0.0,0.0,0.0,1.0,1.0,1.0,0.0833333333333333,0.0833333333333333,0.0,0.0,90.0,0.0111111111111111,0.0,0.0111111111111111,0.0,1.0,0.0,0.0,0.1333333333333333
30,1.0,Home,Arsenal,0,48,76,0,28,63.6,90.0,72.0,0.0,1.0,0,16,1.78,1.9666666666666663,4.2,10.5,48.0,80.7,53.4,84.86666666666666,63.6,65.23333333333333,0.2,0.3,2.0,1.5333333333333334,0.8,4.666666666666667,0.0,1.2666666666666666,9.8,19.23333333333333,68.8,67.06666666666666,53.4,84.86666666666666,63.6,65.23333333333333,0.2,0.3,2.0,1.5333333333333334,0.0111111111111111,0.332990990990991,0.6804702890036036,4,5,1,4,3,3,4.07,0.0,1.0,233.0,0.0,12.0,1.0,1.0,72.0,0.0,0.0,0.0,1.0,1.0,1.0,0.0833333333333333,0.0833333333333333,0.0,0.0,90.0,0.0111111111111111,0.0,0.0111111111111111,0.0,1.0,0.0,0.0,0.1333333333333333
30,1.0,Home,Arsenal,0,48,76,0,28,63.6,90.0,72.0,0.0,1.0,0,16,1.78,1.9666666666666663,4.2,10.5,48.0,80.7,53.4,84.86666666666666,63.6,65.23333333333333,0.2,0.3,2.0,1.5333333333333334,0.8,4.666666666666667,0.0,1.2666666666666666,9.8,19.23333333333333,68.8,67.06666666666666,53.4,84.86666666666666,63.6,65.23333333333333,0.2,0.3,2.0,1.5333333333333334,0.0111111111111111,0.332990990990991,0.6804702890036036,4,5,1,4,3,3,4.07,0.0,1.0,233.0,0.0,12.0,1.0,1.0,72.0,0.0,0.0,0.0,1.0,1.0,1.0,0.0833333333333333,0.0833333333333333,0.0,0.0,90.0,0.0111111111111111,0.0,0.0111111111111111,0.0,1.0,0.0,0.0,0.1333333333333333
30,1.0,Home,Arsenal,0,48,76,0,28,63.6,90.0,72.0,0.0,1.0,0,16,1.78,1.9666666666666663,4.2,10.5,48.0,80.7,53.4,84.86666666666666,63.6,65.23333333333333,0.2,0.3,2.0,1.5333333333333334,0.8,4.666666666666667,0.0,1.2666666666666666,9.8,19.23333333333333,68.8,67.06666666666666,53.4,84.86666666666666,63.6,65.23333333333333,0.2,0.3,2.0,1.5333333333333334,0.0111111111111111,0.332990990990991,0.6804702890036036,4,5,1,4,3,3,4.07,0.0,1.0,233.0,0.0,12.0,1.0,1.0,72.0,0.0,0.0,0.0,1.0,1.0,1.0,0.0833333333333333,0.0833333333333333,0.0,0.0,90.0,0.0111111111111111,0.0,0.0111111111111111,0.0,1.0,0.0,0.0,0.1333333333333333
31,3.4,Home,Aston Villa,4,25,0,0,0,0.0,0.0,67.0,0.0,0.0,0,0,2.14,2.0129032258064514,4.2,10.290322580645162,41.0,78.90322580645162,30.2,82.12903225806451,64.6,65.29032258064517,0.0,0.2903225806451613,1.4,1.4838709677419355,0.8,4.516129032258065,0.0,1.2258064516129032,6.6,18.61290322580645,54.0,64.90322580645162,30.2,82.12903225806451,64.6,65.29032258064517,0.0,0.2903225806451613,1.4,1.4838709677419355,3.4,1.0086666666666668,0.7681970538744551,4,5,1,4,5,1,0.57,1.0,1.0,236.0,2.0,25.0,11.0,3.4,67.0,0.1290322580645161,0.032258064516129,0.0,11.0,3.4,3.4,0.136,0.44,0.16,0.0,0.0,inf,inf,,,4.0,0.0,3.0,inf
32,1.9,Away,Crystal Palace,8,36,44,0,26,81.3,90.0,75.0,0.0,2.0,2,4,1.86,2.009375,3.4,10.21875,26.6,77.5625,27.8,80.9375,65.0,65.59375,0.0,0.28125,1.4,1.5,0.4,4.4375,0.0,1.1875,4.2,18.15625,54.0,65.6875,27.8,80.9375,65.0,65.59375,0.0,0.28125,1.4,1.5,0.11,0.987777777777778,0.7476283959408785,3,6,1,3,4,3,-0.18,7.0,0.0,239.0,2.0,18.0,8.0,1.9,75.0,0.125,0.0625,1.0,8.0,1.9,1.9,0.1055555555555555,0.4444444444444444,0.2222222222222222,0.0,90.0,0.0211111111111111,0.0444444444444444,0.0222222222222222,0.0,6.0,0.0,2.0,0.2
32,1.9,Away,Crystal Palace,8,36,44,0,26,81.3,90.0,75.0,0.0,2.0,2,4,1.86,2.009375,3.4,10.21875,26.6,77.5625,27.8,80.9375,65.0,65.59375,0.0,0.28125,1.4,1.5,0.4,4.4375,0.0,1.1875,4.2,18.15625,54.0,65.6875,27.8,80.9375,65.0,65.59375,0.0,0.28125,1.4,1.5,0.11,0.987777777777778,0.7476283959408785,3,6,1,3,4,3,-0.18,7.0,0.0,239.0,2.0,18.0,8.0,1.9,75.0,0.125,0.0625,1.0,8.0,1.9,1.9,0.1055555555555555,0.4444444444444444,0.2222222222222222,0.0,90.0,0.0211111111111111,0.0444444444444444,0.0222222222222222,0.0,6.0,0.0,2.0,0.2
